"","X360","X372","X384","X396","X408","X420","X432","X444","X456","X468","X480","X492","X504","X516","X528","X540","X552","X564","X576","X588","X600","X612","X624","X636","X648","X660","X672","X684","X696","X708"
"Worcester Union",NA,314,NA,338,NA,362,NA,386,NA,410,NA,434,NA,458,NA,482,NA,506,NA,530,NA,554,NA,578,NA,602,NA,626,NA,650
"Biotech Park",NA,317,NA,341,NA,365,NA,389,NA,413,NA,437,NA,461,NA,485,NA,509,NA,533,NA,557,NA,581,NA,605,NA,629,NA,653
"Grafton",NA,324,NA,348,NA,372,NA,396,NA,420,NA,444,NA,468,NA,492,NA,516,NA,540,NA,564,NA,588,NA,612,NA,636,NA,660
"Westborough",NA,328,NA,352,NA,376,NA,400,NA,424,NA,448,NA,472,NA,496,NA,520,NA,544,NA,568,NA,592,NA,616,NA,640,NA,664
"Southborough",NA,332,NA,356,NA,380,NA,404,NA,428,NA,452,NA,476,NA,500,NA,524,NA,548,NA,572,NA,596,NA,620,NA,644,NA,668
"Ashland",NA,336,NA,360,NA,384,NA,408,NA,432,NA,456,NA,480,NA,504,NA,528,NA,552,NA,576,NA,600,NA,624,NA,648,NA,672
"Framingham",327,339,351,363,375,387,399,411,423,435,447,459,471,483,495,507,519,531,543,555,567,579,591,603,615,627,639,651,663,675
"West Natick",330,342,354,366,378,390,402,414,426,438,450,462,474,486,498,510,522,534,546,558,570,582,594,606,618,630,642,654,666,678
"Natick Center",333,344,357,368,381,392,405,416,429,440,453,464,477,488,501,512,525,536,549,560,573,584,597,608,621,632,645,656,669,680
"Wellesley Square",336,348,360,372,384,396,408,420,432,444,456,468,480,492,504,516,528,540,552,564,576,588,600,612,624,636,648,660,672,684
"Wellesley Hills",338,350,362,374,386,398,410,422,434,446,458,470,482,494,506,518,530,542,554,566,578,590,602,614,626,638,650,662,674,686
"Wellesley Farms",340,352,364,376,388,400,412,424,436,448,460,472,484,496,508,520,532,544,556,568,580,592,604,616,628,640,652,664,676,688
"Auburndale",343,355,367,379,391,403,415,427,439,451,463,475,487,499,511,523,535,547,559,571,583,595,607,619,631,643,655,667,679,691
"West Newton",345,357,369,381,393,405,417,429,441,453,465,477,489,501,513,525,537,549,561,573,585,597,609,621,633,645,657,669,681,693
"Newtonville",347,359,371,383,395,407,419,431,443,455,467,479,491,503,515,527,539,551,563,575,587,599,611,623,635,647,659,671,683,695
"Boston Landing",351,363,375,387,399,411,423,435,447,459,471,483,495,507,519,531,543,555,567,579,591,603,615,627,639,651,663,675,687,699
"West Station",353,365,377,389,401,413,425,437,449,461,473,485,497,509,521,533,545,557,569,581,593,605,617,629,641,653,665,677,689,701
"Yawkey",355,367,379,391,403,415,427,439,451,463,475,487,499,511,523,535,547,559,571,583,595,607,619,631,643,655,667,679,691,703
"Back Bay",358,370,382,394,406,418,430,442,454,466,478,490,502,514,526,538,550,562,574,586,598,610,622,634,646,658,670,682,694,706
"South Station",360,372,384,396,408,420,432,444,456,468,480,492,504,516,528,540,552,564,576,588,600,612,624,636,648,660,672,684,696,708
