"","X300","X312","X315","X330","X342","X345","X360","X372","X375","X390","X402","X405","X420","X432","X435","X450","X462","X465","X480","X492","X495","X510","X522","X525","X540","X552","X555","X570","X582","X585","X600","X612","X615","X630","X642","X645","X660","X672","X675","X690","X702","X705"
"Worcester Union",NA,262,NA,280,NA,295,NA,322,NA,340,NA,355,NA,382,NA,400,NA,415,NA,442,NA,460,NA,475,NA,502,NA,520,NA,535,NA,562,NA,580,NA,595,NA,622,NA,640,NA,655
"Biotech Park",NA,265,NA,283,NA,298,NA,325,NA,343,NA,358,NA,385,NA,403,NA,418,NA,445,NA,463,NA,478,NA,505,NA,523,NA,538,NA,565,NA,583,NA,598,NA,625,NA,643,NA,658
"Grafton",NA,272,NA,290,NA,305,NA,332,NA,350,NA,365,NA,392,NA,410,NA,425,NA,452,NA,470,NA,485,NA,512,NA,530,NA,545,NA,572,NA,590,NA,605,NA,632,NA,650,NA,665
"Westborough",NA,276,NA,294,NA,309,NA,336,NA,354,NA,369,NA,396,NA,414,NA,429,NA,456,NA,474,NA,489,NA,516,NA,534,NA,549,NA,576,NA,594,NA,609,NA,636,NA,654,NA,669
"Southborough",NA,280,NA,298,NA,313,NA,340,NA,358,NA,373,NA,400,NA,418,NA,433,NA,460,NA,478,NA,493,NA,520,NA,538,NA,553,NA,580,NA,598,NA,613,NA,640,NA,658,NA,673
"Ashland",NA,284,NA,302,NA,317,NA,344,NA,362,NA,377,NA,404,NA,422,NA,437,NA,464,NA,482,NA,497,NA,524,NA,542,NA,557,NA,584,NA,602,NA,617,NA,644,NA,662,NA,677
"Framingham",267,287,282,305,309,320,327,347,342,365,369,380,387,407,402,425,429,440,447,467,462,485,489,500,507,527,522,545,549,560,567,587,582,605,609,620,627,647,642,665,669,680
"West Natick",270,290,285,308,312,323,330,350,345,368,372,383,390,410,405,428,432,443,450,470,465,488,492,503,510,530,525,548,552,563,570,590,585,608,612,623,630,650,645,668,672,683
"Natick Center",273,NA,288,NA,315,NA,333,NA,348,NA,375,NA,393,NA,408,NA,435,NA,453,NA,468,NA,495,NA,513,NA,528,NA,555,NA,573,NA,588,NA,615,NA,633,NA,648,NA,675,NA
"Wellesley Square",276,NA,291,NA,318,NA,336,NA,351,NA,378,NA,396,NA,411,NA,438,NA,456,NA,471,NA,498,NA,516,NA,531,NA,558,NA,576,NA,591,NA,618,NA,636,NA,651,NA,678,NA
"Wellesley Hills",278,NA,293,NA,320,NA,338,NA,353,NA,380,NA,398,NA,413,NA,440,NA,458,NA,473,NA,500,NA,518,NA,533,NA,560,NA,578,NA,593,NA,620,NA,638,NA,653,NA,680,NA
"Wellesley Farms",280,NA,295,NA,322,NA,340,NA,355,NA,382,NA,400,NA,415,NA,442,NA,460,NA,475,NA,502,NA,520,NA,535,NA,562,NA,580,NA,595,NA,622,NA,640,NA,655,NA,682,NA
"Auburndale",283,NA,298,NA,325,NA,343,NA,358,NA,385,NA,403,NA,418,NA,445,NA,463,NA,478,NA,505,NA,523,NA,538,NA,565,NA,583,NA,598,NA,625,NA,643,NA,658,NA,685,NA
"West Newton",285,NA,300,NA,327,NA,345,NA,360,NA,387,NA,405,NA,420,NA,447,NA,465,NA,480,NA,507,NA,525,NA,540,NA,567,NA,585,NA,600,NA,627,NA,645,NA,660,NA,687,NA
"Newtonville",287,NA,302,NA,329,NA,347,NA,362,NA,389,NA,407,NA,422,NA,449,NA,467,NA,482,NA,509,NA,527,NA,542,NA,569,NA,587,NA,602,NA,629,NA,647,NA,662,NA,689,NA
"Boston Landing",291,303,306,321,333,336,351,363,366,381,393,396,411,423,426,441,453,456,471,483,486,501,513,516,531,543,546,561,573,576,591,603,606,621,633,636,651,663,666,681,693,696
"West Station",293,305,308,323,335,338,353,365,368,383,395,398,413,425,428,443,455,458,473,485,488,503,515,518,533,545,548,563,575,578,593,605,608,623,635,638,653,665,668,683,695,698
"Yawkey",295,307,310,325,337,340,355,367,370,385,397,400,415,427,430,445,457,460,475,487,490,505,517,520,535,547,550,565,577,580,595,607,610,625,637,640,655,667,670,685,697,700
"Back Bay",298,310,313,328,340,343,358,370,373,388,400,403,418,430,433,448,460,463,478,490,493,508,520,523,538,550,553,568,580,583,598,610,613,628,640,643,658,670,673,688,700,703
"South Station",300,312,315,330,342,345,360,372,375,390,402,405,420,432,435,450,462,465,480,492,495,510,522,525,540,552,555,570,582,585,600,612,615,630,642,645,660,672,675,690,702,705
