0	0	0	0
1	0	0.9186754966887418	0.9186754966887418
2	0.9186754966887418	1.8373509933774836	0.9186754966887418
3	2.7560264900662252	2.7560264900662252	0.9186754966887418
4	5.5120529801324505	3.6747019867549673	0.9186754966887418
5	9.186754966887417	4.593377483443709	0.9186754966887418
6	13.780132450331127	5.512052980132451	0.9186754966887418
7	19.29218543046358	6.430728476821193	0.9186754966887418
8	25.722913907284774	7.3494039735099355	0.9186754966887418
9	33.07231788079471	8.268079470198677	0.9186754966887418
10	41.340397350993385	9.186754966887419	0.9186754966887418
11	50.527152317880805	10.10543046357616	0.9186754966887418
12	60.63258278145697	11.024105960264903	0.9186754966887418
13	71.65668874172187	11.942781456953645	0.9186754966887418
14	83.5994701986755	12.8300141780964	0.8872327211427556
15	96.42948437677191	13.65589218126774	0.8258780031713392
16	110.08537655803966	14.43182291866776	0.7759307374000186
17	124.51719947670742	15.166035536836745	0.7342126181689855
18	139.68323501354416	15.864703719720108	0.6986681828833623
19	155.54793873326426	16.532603144585835	0.6678994248657274
20	172.0805418778501	17.17352014945184	0.6409170048660036
21	189.25406202730193	17.79051808568476	0.6169979362329184
22	207.0445801129867	18.38611774383032	0.5955996581455589
23	225.430697856817	18.962423554426024	0.5763058105957061
24	244.39312141124304	19.521214283873316	0.5587907294472918
25	263.91433569511634	20.06400974403174	0.5427954601584245
26	283.9783454391481	20.592120855681202	0.5281111116494613
27	304.5704662948293	21.106687886650374	0.5145670309691712
28	325.6771541814797	21.60871011519567	0.5020222285452961
29	347.28586429667536	22.099069161782857	0.49035904658718577
30	369.3849334584582	22.578547569334543	0.4794784075516864
31	391.96348102779274	23.047843765537056	0.4692961962025143
32	415.0113247933298	23.507584234010302	0.4597404684732476
33	438.5189090273401	23.958333506440265	0.45074927242996354
34	462.4772425337804	24.40060243500401	0.4422689285637458
35	486.8778449687844	24.834855094064004	0.4342526590599928
36	511.7127000628484	25.261514579288818	0.42665948522481517
37	536.9742146421372	25.680967912413728	0.4194533331249109
38	562.655182554551	26.093570214873843	0.4126023024601146
39	588.7487527694248	26.499648279424253	0.4060780645504111
40	615.248401048849	26.899503642723303	0.39985536329904986
41	642.1479046915723	27.293415241643554	0.39391159892025
42	669.4413199332158	27.6816417203108	0.3882264786672463
43	697.1229616535267	27.2988599981454	-0.38278172216540257
44	724.4218216516721	26.910710951233327	-0.3881490469120721
45	751.3325326029054	26.516963401818227	-0.3937475494151003
46	777.8494960047236	26.117369137214773	-0.39959426460345276
47	803.9668651419383	25.7116611030557	-0.4057080341590721
48	829.678526244994	25.299551342912395	-0.41210976014330486
49	854.9780775879065	24.880728639440434	-0.41882270347196005
50	879.8588062273469	24.454855802530442	-0.4258728369099937
51	904.3136620298774	24.02156653778778	-0.43328926474266155
52	928.3352285676651	23.580461813272922	-0.44110472451485866
53	951.915690380938	23.131105622797385	-0.4493561904755384
54	975.0467960037354	22.673020018812114	-0.4580856039852705
55	997.7198160225475	22.205679255152287	-0.46734076365982824
56	1019.9254952776998	21.72850283697955	-0.4771764181727373
57	1041.6539981146793	21.24084721847863	-0.48765561850091854
58	1062.894845333158	20.741995812926024	-0.498851405552606
59	1083.636841146084	20.231146876997546	-0.510848935928479
60	1103.8679880230816	19.707398690377747	-0.5237481866197966
61	1123.5753867134592	19.169731256103947	-0.5376674342737988
62	1142.7451179695631	18.616983471145183	-0.5527477849587632
63	1161.3621014407083	18.047824321034252	-0.5691591501109301
64	1179.4099257617427	17.460716074545125	-0.5871082464891263
65	1196.8706418362879	16.8538665934111	-0.6068494811340243
66	1213.724508429699	16.22516656001884	-0.6287000333922583
67	1229.9496749897178	15.572105375662414	-0.6530611843564287
68	1245.5217803653802	14.891656185623749	-0.6804491900386647
69	1260.413436551004	14.180115013977876	-0.7115411716458725
70	1274.593551564982	13.432869559366166	-0.7472454546117095
71	1288.026421124348	12.64405623521101	-0.7888133241551556
72	1300.670477359559	11.806031926163843	-0.8380243090471666
73	1312.4765092857228	10.908522368648255	-0.8975095575155888
74	1323.385031654371	9.989846871959513	-0.9186754966887418
75	1333.3748785263306	9.07117137527077	-0.9186754966887418
76	1342.4460499016013	8.152495878582029	-0.9186754966887418
77	1350.5985457801833	7.2338203818932865	-0.9186754966887418
78	1357.8323661620766	6.315144885204544	-0.9186754966887418
79	1364.1475110472811	5.396469388515802	-0.9186754966887418
80	1369.5439804357968	4.47779389182706	-0.9186754966887418
81	1374.021774327624	3.5591183951383183	-0.9186754966887418
82	1377.5808927227622	2.6404428984495762	-0.9186754966887418
83	1380.2213356212117	1.7217674017608344	-0.9186754966887418
84	1381.9431030229725	0.8030919050720926	-0.9186754966887418
85	1382.7461949280446	0	-0.8030919050720926
110	1382.7461949280446	0	0
111	1382.7461949280446	0.9186754966887418	0.9186754966887418
112	1383.6648704247334	1.8373509933774836	0.9186754966887418
113	1385.5022214181108	2.7560264900662252	0.9186754966887418
114	1388.258247908177	3.6747019867549673	0.9186754966887418
115	1391.932949894932	4.593377483443709	0.9186754966887418
116	1396.5263273783758	5.512052980132451	0.9186754966887418
117	1402.0383803585082	6.430728476821193	0.9186754966887418
118	1408.4691088353295	7.3494039735099355	0.9186754966887418
119	1415.8185128088394	8.268079470198677	0.9186754966887418
120	1424.086592279038	9.186754966887419	0.9186754966887418
121	1433.2733472459256	10.10543046357616	0.9186754966887418
122	1443.3787777095017	11.024105960264903	0.9186754966887418
123	1454.4028836697667	11.942781456953645	0.9186754966887418
124	1466.3456651267204	12.8300141780964	0.8872327211427556
125	1479.1756793048169	13.65589218126774	0.8258780031713392
126	1492.8315714860846	14.43182291866776	0.7759307374000186
127	1507.2633944047523	15.166035536836745	0.7342126181689855
128	1522.429429941589	15.864703719720108	0.6986681828833623
129	1538.2941336613092	16.532603144585835	0.6678994248657274
130	1554.826736805895	17.17352014945184	0.6409170048660036
131	1572.000256955347	17.79051808568476	0.6169979362329184
132	1589.7907750410316	18.38611774383032	0.5955996581455589
133	1608.1768927848618	18.962423554426024	0.5763058105957061
134	1627.139316339288	19.521214283873316	0.5587907294472918
135	1646.6605306231613	20.06400974403174	0.5427954601584245
136	1666.724540367193	20.592120855681202	0.5281111116494613
137	1687.3166612228742	21.106687886650374	0.5145670309691712
138	1708.4233491095247	21.60871011519567	0.5020222285452961
139	1730.0320592247203	22.099069161782857	0.49035904658718577
140	1752.1311283865032	22.578547569334543	0.4794784075516864
141	1774.7096759558376	23.047843765537056	0.4692961962025143
142	1797.7575197213746	23.507584234010302	0.4597404684732476
143	1821.2651039553848	23.958333506440265	0.45074927242996354
144	1845.2234374618251	24.40060243500401	0.4422689285637458
145	1869.6240398968291	24.834855094064004	0.4342526590599928
146	1894.4588949908932	25.261514579288818	0.42665948522481517
147	1919.720409570182	25.680967912413728	0.4194533331249109
148	1945.4013774825958	26.093570214873843	0.4126023024601146
149	1971.4949476974696	26.499648279424253	0.4060780645504111
150	1997.9945959768938	26.899503642723303	0.39985536329904986
151	2024.8940996196172	27.293415241643554	0.39391159892025
152	2052.1875148612608	27.6816417203108	0.3882264786672463
153	2079.8691565815716	28.0644234424762	0.38278172216540257
154	2107.933580024048	28.44198425400632	0.37756081153011956
155	2136.3755642780543	28.81453303244022	0.37254877843389833
156	2165.1900973104944	29.18226505426882	0.3677320218286001
157	2194.3723623647634	29.545363205504216	0.363098151235393
158	2223.9177255702675	29.90399905696981	0.3586358514655936
159	2253.8217246272375	30.258333822359543	0.3543347653897341
160	2284.080058449597	30.608519214333647	0.3501853919741027
161	2314.6885776639306	30.95469821162092	0.3461789972872722
162	2345.6432758755514	31.297005748190223	0.34230753656930496
163	2376.9402816237416	31.635569333963247	0.33856358577302403
164	2408.575850957705	31.97050961520834	0.334940281245091
165	2440.5463605729133	32.30194088163475	0.33143126642641024
166	2472.848301454548	32.62997152626052	0.328030644625772
167	2505.4782729808085	32.954704463325406	0.32473293706488743
168	2538.432977444134	33.27623750883817	0.32153304551276796
169	2571.709214952972	33.59466372776547	0.3184262189273027
170	2605.303878680738	33.91007175137098	0.3154080236055101
171	2639.213950432109	34.22254606778518	0.31247431641420315
172	2673.436496499894	34.53216728851722	0.309621220732043
173	2707.968663788411	34.839012393301296	0.3068451047840736
174	2742.8076761817124	35.143154955393655	0.3041425620923625
175	2777.950831137106	35.44466534919625	0.3015103938025912
176	2813.3954964863024	35.74361094187361	0.2989455926773619
177	2849.139107428176	36.04005627044709	0.29644532857347633
178	2885.179163698623	36.33406320569028	0.29400693524318905
179	2921.5132269043133	36.625691104009306	0.29162789831902924
180	2958.1389180083224	36.914996948368	0.2893058443586969
181	2995.0539149566903	37.20203547920918	0.28703853084118086
182	3032.2559504358996	37.486859316227125	0.28482383701794883
183	3069.742809752127	37.76951907176123	0.28265975553410716
184	3107.5123288238883	38.05006345650529	0.2805443847440582
185	3145.5623922803934	38.32853937815989	0.2784759216545974
186	3183.890931658553	38.60499203359564	0.2764526554357556
187	3222.495923692149	38.8794649950418	0.27447296144615524
188	3261.375388687191	39.15200029076713	0.27253529572532725
189	3300.5273889779583	39.42263848067757	0.27063818991043975
190	3339.9500274586358	39.69141872721687	0.2687802465393003
191	3379.6414461858526	39.79	0.26696013470539937
192	3419.4314461858526	39.79	0
193	3459.2214461858525	39.79	0
194	3499.0114461858525	39.79	0
195	3538.8014461858525	39.79	0
196	3578.5914461858524	39.79	0
197	3618.3814461858524	39.79	0
198	3658.1714461858523	39.79	0
199	3697.9614461858523	39.79	0
200	3737.7514461858523	39.79	0
201	3777.5414461858522	39.79	0
202	3817.331446185852	39.79	0
203	3857.121446185852	39.79	0
204	3896.911446185852	39.79	0
205	3936.701446185852	39.79	0
206	3976.491446185852	39.79	0
207	4016.281446185852	39.79	0
208	4056.071446185852	39.79	0
209	4095.861446185852	39.79	0
210	4135.651446185852	39.79	0
211	4175.441446185852	39.79	0
212	4215.231446185852	39.79	0
213	4255.021446185852	39.79	0
214	4294.811446185852	39.79	0
215	4334.601446185852	39.79	0
216	4374.391446185852	39.79	0
217	4414.181446185852	39.79	0
218	4453.971446185852	39.79	0
219	4493.761446185852	39.79	0
220	4533.551446185852	39.79	0
221	4573.341446185852	39.79	0
222	4613.131446185852	39.79	0
223	4652.921446185852	39.79	0
224	4692.711446185852	39.79	0
225	4732.501446185852	39.79	0
226	4772.291446185852	39.79	0
227	4812.081446185852	39.79	0
228	4851.871446185852	39.79	0
229	4891.661446185852	39.79	0
230	4931.451446185852	39.79	0
231	4971.241446185852	39.79	0
232	5011.031446185852	39.79	0
233	5050.8214461858515	39.79	0
234	5090.6114461858515	39.79	0
235	5130.4014461858515	39.79	0
236	5170.191446185851	39.79	0
237	5209.981446185851	39.79	0
238	5249.771446185851	39.52370126941276	-0.2662987305872387
239	5289.295147455264	39.2556082986194	-0.26809297079336164
240	5328.550755753883	38.98568440877768	-0.26992388984171933
241	5367.536440162661	38.71389165585423	-0.27179275292344274
242	5406.250331818515	38.44019076873445	-0.27370088711977675
243	5444.69052258725	38.16454108338782	-0.2756496853466337
244	5482.855063670638	37.886900472777185	-0.2776406106106289
245	5520.741964143415	37.607225272171114	-0.27967520060607154
246	5558.349189415587	37.325470199485466	-0.2817550726856511
247	5595.674659615072	37.041588270244226	-0.2838819292412368
248	5632.716247885317	36.75553070670886	-0.2860575635353652
249	5669.471778592026	36.46724684068017	-0.2882838660286891
250	5705.939025432705	36.176684009426175	-0.290562831253992
251	5742.115709442131	35.88378744413276	-0.2928965652934175
252	5777.999496886264	35.58850015021031	-0.2952872939224465
253	5813.587997036474	35.29076277871831	-0.2977373714919989
254	5848.878759815192	34.99051348808932	-0.3002492906289925
255	5883.869273303281	34.68768779524337	-0.30282569284595057
256	5918.556961098525	34.38221841508136	-0.30546938016200753
257	5952.939179513606	34.07403508723017	-0.30818332785118957
258	5987.013214600836	33.76306438878075	-0.3109706984494263
259	6020.776278989617	33.449229531610996	-0.31383485716975434
260	6054.225508521228	33.13245014271498	-0.3167793888960137
261	6087.3579586639435	32.81264202576544	-0.3198081169495409
262	6120.170600689709	32.48971690191391	-0.32292512385153005
263	6152.660317591623	32.16358212757729	-0.32613477433661586
264	6184.823899719201	31.83414038666557	-0.32944174091172246
265	6216.658040105866	31.501289354366154	-0.3328510322994179
266	6248.159329460233	31.16492132920792	-0.33636802515823344
267	6279.32425078944	30.824922829672627	-0.3399984995352957
268	6310.149173619113	30.481174151091466	-0.3437486785811609
269	6340.630347770204	30.133548877946048	-0.347625273145418
270	6370.76389664815	29.781913345968558	-0.35163553197748904
271	6400.545809994119	29.426126047584635	-0.35578729838392203
272	6429.971936041704	29.066036973238543	-0.3600890743460936
273	6459.0379730149425	28.70148687995193	-0.3645500932866121
274	6487.739459894894	28.332306477055536	-0.3691804028963942
275	6516.07176637195	27.95831551734856	-0.37399095970697793
276	6544.030081889298	27.579321779922168	-0.3789937374263922
277	6571.60940366922	27.195119928454588	-0.3842018514675791
278	6598.804523597675	26.805490225848295	-0.38962970260629276
279	6625.610013823523	26.410197082511242	-0.3952931433370531
280	6652.020210906035	26.00898741122549	-0.40120967128575064
281	6678.02919831726	25.601588756193923	-0.40739865503156714
282	6703.6307870734545	25.187707157244223	-0.41388159894970095
283	6728.818494230699	24.767024701952984	-0.4206824552912395
284	6753.585518932652	24.339196708175812	-0.4278279937771728
285	6777.924715640828	23.903848466526288	-0.4353482416495241
286	6801.828564107354	23.460571455926747	-0.4432770105995423
287	6825.289135563281	23.00891892436024	-0.45165253156650603
288	6848.298054487641	22.548400699888255	-0.4605182244719847
289	6870.8464551875295	22.078477061795432	-0.46992363809282217
290	6892.924932249325	21.59855145549528	-0.47992560630015446
291	6914.52348370482	21.10796177350203	-0.4905896819932477
292	6935.631445478322	20.60596984250621	-0.5019919309958195
293	6956.237415320828	20.091748644908964	-0.5142211975972435
294	6976.329163965737	19.56436664957671	-0.5273819953322553
295	6995.893530615314	19.022768412339854	-0.5415982372368533
296	7014.9162990276545	18.465750303283095	-0.5570181090567609
297	7033.382049330938	17.891929780637863	-0.5738205226452303
298	7051.2739791115755	17.299705989242653	-0.5922237913952102
299	7068.573685100818	16.68720849959427	-0.6124974896483832
300	7085.260893600412	16.052229528106988	-0.6349789714872835
301	7101.313123128519	15.392132656733894	-0.6600968713730944
302	7116.705255785253	14.703727305352611	-0.6884053513812836
303	7131.408983090606	13.983091899783783	-0.7206354055688278
304	7145.39207499039	13.225317684609665	-0.7577742151741182
305	7158.617392675	12.424125097576626	-0.8011925870330395
306	7171.041517772576	11.571266131102357	-0.8528589664742688
307	7182.612783903679	10.655547283224058	-0.9157188478782984
308	7193.268331186903	9.736871786535316	-0.9186754966887418
309	7203.005202973439	8.818196289846574	-0.9186754966887418
310	7211.823399263285	7.899520793157832	-0.9186754966887418
311	7219.7229200564425	6.98084529646909	-0.9186754966887418
312	7226.703765352911	6.062169799780348	-0.9186754966887418
313	7232.765935152692	5.143494303091606	-0.9186754966887418
314	7237.9094294557835	4.224818806402864	-0.9186754966887418
315	7242.134248262187	3.3061433097141215	-0.9186754966887418
316	7245.440391571901	2.3874678130253795	-0.9186754966887418
317	7247.827859384926	1.4687923163366376	-0.9186754966887418
318	7249.296651701263	0.5501168196478958	-0.9186754966887418
319	7249.846768520911	0	-0.5501168196478958
344	7249.846768520911	0	0
345	7249.846768520911	0.9186754966887418	0.9186754966887418
346	7250.765444017599	1.8373509933774836	0.9186754966887418
347	7252.6027950109765	2.7560264900662252	0.9186754966887418
348	7255.358821501042	3.6747019867549673	0.9186754966887418
349	7259.0335234877975	4.593377483443709	0.9186754966887418
350	7263.626900971241	5.512052980132451	0.9186754966887418
351	7269.138953951374	6.430728476821193	0.9186754966887418
352	7275.569682428195	7.3494039735099355	0.9186754966887418
353	7282.919086401705	8.268079470198677	0.9186754966887418
354	7291.187165871903	9.186754966887419	0.9186754966887418
355	7300.373920838791	10.10543046357616	0.9186754966887418
356	7310.479351302367	11.024105960264903	0.9186754966887418
357	7321.503457262632	11.942781456953645	0.9186754966887418
358	7333.446238719585	12.8300141780964	0.8872327211427556
359	7346.276252897682	13.65589218126774	0.8258780031713392
360	7359.932145078949	14.43182291866776	0.7759307374000186
361	7374.363967997617	15.166035536836745	0.7342126181689855
362	7389.5300035344535	15.864703719720108	0.6986681828833623
363	7405.394707254173	16.532603144585835	0.6678994248657274
364	7421.927310398759	17.17352014945184	0.6409170048660036
365	7439.100830548211	17.79051808568476	0.6169979362329184
366	7456.891348633896	18.38611774383032	0.5955996581455589
367	7475.277466377726	18.962423554426024	0.5763058105957061
368	7494.239889932152	19.521214283873316	0.5587907294472918
369	7513.761104216026	20.06400974403174	0.5427954601584245
370	7533.825113960058	20.592120855681202	0.5281111116494613
371	7554.417234815739	21.106687886650374	0.5145670309691712
372	7575.523922702389	21.60871011519567	0.5020222285452961
373	7597.1326328175855	22.099069161782857	0.49035904658718577
374	7619.231701979368	22.578547569334543	0.4794784075516864
375	7641.810249548703	23.047843765537056	0.4692961962025143
376	7664.85809331424	23.507584234010302	0.4597404684732476
377	7688.3656775482505	23.958333506440265	0.45074927242996354
378	7712.32401105469	24.40060243500401	0.4422689285637458
379	7736.724613489694	24.834855094064004	0.4342526590599928
380	7761.559468583758	25.261514579288818	0.42665948522481517
381	7786.820983163047	25.680967912413728	0.4194533331249109
382	7812.50195107546	26.093570214873843	0.4126023024601146
383	7838.595521290334	26.499648279424253	0.4060780645504111
384	7865.095169569758	26.899503642723303	0.39985536329904986
385	7891.994673212481	27.293415241643554	0.39391159892025
386	7919.288088454125	27.6816417203108	0.3882264786672463
387	7946.969730174435	28.0644234424762	0.38278172216540257
388	7975.034153616912	28.44198425400632	0.37756081153011956
389	8003.476137870918	28.81453303244022	0.37254877843389833
390	8032.290670903359	29.18226505426882	0.3677320218286001
391	8061.472935957628	29.545363205504216	0.363098151235393
392	8091.018299163132	29.90399905696981	0.3586358514655936
393	8120.922298220102	30.258333822359543	0.3543347653897341
394	8151.180632042461	30.608519214333647	0.3501853919741027
395	8181.789151256795	30.95469821162092	0.3461789972872722
396	8212.743849468416	31.297005748190223	0.34230753656930496
397	8244.040855216606	30.9584421624172	-0.33856358577302403
398	8274.999297379023	30.61617602271688	-0.34226613970032205
399	8305.61547340174	30.270083601435918	-0.3460924212809623
400	8335.885557003176	29.920034139082812	-0.3500494623531064
401	8365.805591142258	29.565889272776484	-0.35414486630632713
402	8395.371480415035	29.207502403627828	-0.358386869148657
403	8424.578982818663	28.844717994894882	-0.3627844087329462
404	8453.423700813557	28.477370791433174	-0.3673472034617075
405	8481.90107160499	28.1052849493914	-0.37208584204177375
406	8510.006356554382	27.72827306322315	-0.3770118861682516
407	8537.734629617606	27.34613507482747	-0.3821379883956804
408	8565.080764692433	26.958657046906076	-0.3874780279213946
409	8592.039421739339	26.565609779320383	-0.3930472675856932
410	8618.605031518659	26.166747243203687	-0.3988625361166959
411	8644.771778761862	25.76180480264802	-0.404942440555669
412	8670.533583564511	25.350497187702615	-0.4113076149454046
413	8695.884080752214	24.93251617488026	-0.417981012822356
414	8720.816596927094	24.50752792196009	-0.4249882529201694
415	8745.324124849054	24.07516989205975	-0.4323580299003395
416	8769.399294741113	23.635047287003456	-0.4401226050562953
417	8793.034342028117	23.1867288909623	-0.44831839604115437
418	8816.221070919079	22.729742200864916	-0.456986690097383
419	8838.950813119944	22.263567688350513	-0.4661745125144017
420	8861.214380808295	21.78763199653367	-0.4759356918168436
421	8883.002012804829	21.30129982001481	-0.48633217651886235
422	8904.303312624845	20.803864143337925	-0.4974356766768827
423	8925.107176768182	20.294534414155887	-0.5093297291820384
424	8945.401711182338	19.772422091999076	-0.52211232215681
425	8965.174133274337	19.236522825800733	-0.5358992661983438
426	8984.410656100137	18.68569424903454	-0.5508285767661942
427	9003.096350349171	18.11862800312218	-0.5670662459123619
428	9021.214978352293	17.533814048763144	-0.5848139543590349
429	9038.748792401057	16.929494505930208	-0.6043195428329344
430	9055.678286906987	16.30360301895435	-0.6258914869758551
431	9071.98188992594	15.65368370493846	-0.6499193140158912
432	9087.63557363088	14.976780639194047	-0.6769030657444143
433	9102.612354270073	14.269283698073298	-0.7074969411207478
434	9116.881637968147	13.526707776655677	-0.7425759214176215
435	9130.408345744801	12.74336665145204	-0.7833411252036356
436	9143.151712396253	11.91187315527622	-0.8314934961758212
437	9155.063585551528	11.022338289353572	-0.8895348659226483
438	9166.085923840881	10.10366279266483	-0.9186754966887418
439	9176.189586633545	9.184987295976088	-0.9186754966887418
440	9185.374573929521	8.266311799287346	-0.9186754966887418
441	9193.640885728808	7.347636302598604	-0.9186754966887418
442	9200.988522031406	6.4289608059098615	-0.9186754966887418
443	9207.417482837316	5.5102853092211195	-0.9186754966887418
444	9212.927768146537	4.591609812532377	-0.9186754966887418
445	9217.51937795907	3.6729343158436354	-0.9186754966887418
446	9221.192312274914	2.7542588191548933	-0.9186754966887418
447	9223.94657109407	1.8355833224661515	-0.9186754966887418
448	9225.782154416536	0.9169078257774097	-0.9186754966887418
449	9226.699062242315	0	-0.9169078257774097
474	9226.699062242315	0	0
475	9226.699062242315	0.9186754966887418	0.9186754966887418
476	9227.617737739003	1.8373509933774836	0.9186754966887418
477	9229.45508873238	2.7560264900662252	0.9186754966887418
478	9232.211115222446	3.6747019867549673	0.9186754966887418
479	9235.8858172092	4.593377483443709	0.9186754966887418
480	9240.479194692643	5.512052980132451	0.9186754966887418
481	9245.991247672775	6.430728476821193	0.9186754966887418
482	9252.421976149597	7.3494039735099355	0.9186754966887418
483	9259.771380123108	8.268079470198677	0.9186754966887418
484	9268.039459593307	9.186754966887419	0.9186754966887418
485	9277.226214560194	10.10543046357616	0.9186754966887418
486	9287.33164502377	11.024105960264903	0.9186754966887418
487	9298.355750984036	11.942781456953645	0.9186754966887418
488	9310.29853244099	12.8300141780964	0.8872327211427556
489	9323.128546619086	13.65589218126774	0.8258780031713392
490	9336.784438800354	14.43182291866776	0.7759307374000186
491	9351.216261719022	15.166035536836745	0.7342126181689855
492	9366.38229725586	15.864703719720108	0.6986681828833623
493	9382.24700097558	16.532603144585835	0.6678994248657274
494	9398.779604120165	17.17352014945184	0.6409170048660036
495	9415.953124269618	17.79051808568476	0.6169979362329184
496	9433.743642355303	18.38611774383032	0.5955996581455589
497	9452.129760099133	18.962423554426024	0.5763058105957061
498	9471.092183653558	19.521214283873316	0.5587907294472918
499	9490.613397937432	20.06400974403174	0.5427954601584245
500	9510.677407681464	20.592120855681202	0.5281111116494613
501	9531.269528537145	21.106687886650374	0.5145670309691712
502	9552.376216423794	21.60871011519567	0.5020222285452961
503	9573.98492653899	22.099069161782857	0.49035904658718577
504	9596.083995700772	22.578547569334543	0.4794784075516864
505	9618.662543270106	23.047843765537056	0.4692961962025143
506	9641.710387035642	23.507584234010302	0.4597404684732476
507	9665.217971269652	23.958333506440265	0.45074927242996354
508	9689.176304776092	24.40060243500401	0.4422689285637458
509	9713.576907211096	24.834855094064004	0.4342526590599928
510	9738.41176230516	25.261514579288818	0.42665948522481517
511	9763.67327688445	25.680967912413728	0.4194533331249109
512	9789.354244796865	26.093570214873843	0.4126023024601146
513	9815.44781501174	26.499648279424253	0.4060780645504111
514	9841.947463291164	26.899503642723303	0.39985536329904986
515	9868.846966933888	27.293415241643554	0.39391159892025
516	9896.140382175532	27.6816417203108	0.3882264786672463
517	9923.822023895842	28.0644234424762	0.38278172216540257
518	9951.886447338318	28.44198425400632	0.37756081153011956
519	9980.328431592325	28.81453303244022	0.37254877843389833
520	10009.142964624765	29.18226505426882	0.3677320218286001
521	10038.325229679034	29.545363205504216	0.363098151235393
522	10067.87059288454	29.90399905696981	0.3586358514655936
523	10097.774591941508	30.258333822359543	0.3543347653897341
524	10128.032925763868	29.908148430385438	-0.3501853919741027
525	10157.941074194254	29.553862824416562	-0.3542856059688771
526	10187.49493701867	29.195330115747694	-0.3585327086688678
527	10216.690267134418	28.83239445281608	-0.3629356629316147
528	10245.522661587234	28.464890237812135	-0.3675042150039434
529	10273.987551825046	28.092641253131678	-0.37224898468045725
530	10302.080193078178	27.715459684670755	-0.37718156846092266
531	10329.795652762848	27.333145026692094	-0.3823146579786595
532	10357.12879778954	26.945482850249583	-0.38766217644251005
533	10384.07428063979	26.552243413830723	-0.39323943641886083
534	10410.626524053621	26.153180090821756	-0.39906332300896624
535	10436.779704144443	25.748027583429938	-0.40515250739181863
536	10462.527731727872	25.33649988657112	-0.41152769685881746
537	10487.864231614443	24.918287957634465	-0.41821192893665415
538	10512.782519572078	24.493057038556824	-0.4252309190776413
539	10537.275576610635	24.060443564730914	-0.4326134738259101
540	10561.336020175366	23.620051580204144	-0.4403919845267711
541	10584.95607175557	23.17144855941537	-0.4486030207887737
542	10608.127520314985	22.714160511027014	-0.45728804838835546
543	10630.841680826012	22.24766620739989	-0.46649430362712224
544	10653.089347033412	21.77139034137032	-0.47627586602957195
545	10674.860737374782	21.284695356625523	-0.48669498474479594
546	10696.145432731408	20.78687162400781	-0.4978237326177132
547	10716.932304355416	20.277125536105466	-0.5097460879023441
548	10737.209429891522	19.754564955652437	-0.5225605804530299
549	10756.963994847174	19.218181263384167	-0.5363836922682699
550	10776.182176110558	18.666826983556735	-0.551354279827432
551	10794.849003094116	18.099187582420157	-0.5676394011365762
552	10812.948190676536	17.51374547670055	-0.5854421057196073
553	10830.461936153237	16.908733458902148	-0.6050120177984014
554	10847.370669612139	16.282073483699357	-0.6266599752027912
555	10863.652743095838	15.631294791374062	-0.650778692325295
556	10879.284037887212	14.953422188273166	-0.6778726031008969
557	10894.237460075485	14.244820079895868	-0.7086021083772974
558	10908.48228015538	13.500968881310307	-0.7438511985855623
559	10921.98324903669	12.716134356972239	-0.7848345243380676
560	10934.699383393661	11.882860172175942	-0.833274184796297
561	10946.582243565837	10.991153433517422	-0.8917067386585198
562	10957.573396999354	10.07247793682868	-0.9186754966887418
563	10967.645874936183	9.153802440139938	-0.9186754966887418
564	10976.799677376323	8.235126943451196	-0.9186754966887418
565	10985.034804319774	7.3164514467624535	-0.9186754966887418
566	10992.351255766536	6.3977759500737115	-0.9186754966887418
567	10998.74903171661	5.479100453384969	-0.9186754966887418
568	11004.228132169996	4.560424956696227	-0.9186754966887418
569	11008.788557126692	3.6417494600074853	-0.9186754966887418
570	11012.4303065867	2.7230739633187433	-0.9186754966887418
571	11015.15338055002	1.8043984666300015	-0.9186754966887418
572	11016.95777901665	0.8857229699412597	-0.9186754966887418
573	11017.84350198659	0	-0.8857229699412597
598	11017.84350198659	0	0
599	11017.84350198659	0.9186754966887418	0.9186754966887418
600	11018.762177483279	1.8373509933774836	0.9186754966887418
601	11020.599528476656	2.7560264900662252	0.9186754966887418
602	11023.355554966722	3.6747019867549673	0.9186754966887418
603	11027.030256953476	4.593377483443709	0.9186754966887418
604	11031.623634436919	5.512052980132451	0.9186754966887418
605	11037.13568741705	6.430728476821193	0.9186754966887418
606	11043.566415893873	7.3494039735099355	0.9186754966887418
607	11050.915819867383	8.268079470198677	0.9186754966887418
608	11059.183899337582	9.186754966887419	0.9186754966887418
609	11068.37065430447	10.10543046357616	0.9186754966887418
610	11078.476084768046	11.024105960264903	0.9186754966887418
611	11089.500190728311	11.942781456953645	0.9186754966887418
612	11101.442972185265	12.8300141780964	0.8872327211427556
613	11114.272986363361	13.65589218126774	0.8258780031713392
614	11127.92887854463	14.43182291866776	0.7759307374000186
615	11142.360701463298	15.166035536836745	0.7342126181689855
616	11157.526737000135	15.864703719720108	0.6986681828833623
617	11173.391440719855	16.532603144585835	0.6678994248657274
618	11189.924043864441	17.17352014945184	0.6409170048660036
619	11207.097564013893	17.79051808568476	0.6169979362329184
620	11224.888082099578	18.38611774383032	0.5955996581455589
621	11243.274199843408	18.962423554426024	0.5763058105957061
622	11262.236623397834	19.521214283873316	0.5587907294472918
623	11281.757837681707	20.06400974403174	0.5427954601584245
624	11301.82184742574	20.592120855681202	0.5281111116494613
625	11322.41396828142	21.106687886650374	0.5145670309691712
626	11343.52065616807	21.60871011519567	0.5020222285452961
627	11365.129366283265	22.099069161782857	0.49035904658718577
628	11387.228435445048	22.578547569334543	0.4794784075516864
629	11409.806983014381	23.047843765537056	0.4692961962025143
630	11432.854826779918	23.507584234010302	0.4597404684732476
631	11456.362411013928	23.958333506440265	0.45074927242996354
632	11480.320744520368	24.40060243500401	0.4422689285637458
633	11504.721346955372	24.834855094064004	0.4342526590599928
634	11529.556202049436	25.261514579288818	0.42665948522481517
635	11554.817716628726	25.680967912413728	0.4194533331249109
636	11580.49868454114	26.093570214873843	0.4126023024601146
637	11606.592254756015	26.499648279424253	0.4060780645504111
638	11633.09190303544	26.899503642723303	0.39985536329904986
639	11659.991406678164	27.293415241643554	0.39391159892025
640	11687.284821919808	27.6816417203108	0.3882264786672463
641	11714.966463640118	28.0644234424762	0.38278172216540257
642	11743.030887082594	28.44198425400632	0.37756081153011956
643	11771.4728713366	28.81453303244022	0.37254877843389833
644	11800.28740436904	29.06	0.3677320218286001
645	11829.34740436904	29.06	0
646	11858.40740436904	29.06	0
647	11887.46740436904	29.06	0
648	11916.527404369039	29.06	0
649	11945.587404369038	29.06	0
650	11974.647404369038	29.06	0
651	12003.707404369037	29.06	0
652	12032.767404369037	29.06	0
653	12061.827404369036	29.06	0
654	12090.887404369036	29.06	0
655	12119.947404369035	29.06	0
656	12149.007404369035	29.06	0
657	12178.067404369034	29.06	0
658	12207.127404369034	29.06	0
659	12236.187404369033	29.06	0
660	12265.247404369033	29.06	0
661	12294.307404369032	29.06	0
662	12323.367404369032	29.06	0
663	12352.427404369031	29.06	0
664	12381.48740436903	29.06	0
665	12410.54740436903	29.06	0
666	12439.60740436903	29.06	0
667	12468.66740436903	29.06	0
668	12497.727404369029	29.06	0
669	12526.787404369028	29.06	0
670	12555.847404369028	29.06	0
671	12584.907404369027	29.06	0
672	12613.967404369027	29.06	0
673	12643.027404369026	29.06	0
674	12672.087404369026	29.06	0
675	12701.147404369025	29.06	0
676	12730.207404369025	29.06	0
677	12759.267404369024	29.06	0
678	12788.327404369023	29.06	0
679	12817.387404369023	29.06	0
680	12846.447404369022	29.06	0
681	12875.507404369022	29.06	0
682	12904.567404369021	29.06	0
683	12933.627404369021	29.06	0
684	12962.68740436902	29.06	0
685	12991.74740436902	29.06	0
686	13020.80740436902	29.06	0
687	13049.867404369019	29.06	0
688	13078.927404369018	29.06	0
689	13107.987404369018	29.06	0
690	13137.047404369017	29.06	0
691	13166.107404369017	29.06	0
692	13195.167404369016	29.06	0
693	13224.227404369016	29.06	0
694	13253.287404369015	29.06	0
695	13282.347404369015	29.06	0
696	13311.407404369014	29.06	0
697	13340.467404369014	29.06	0
698	13369.527404369013	29.06	0
699	13398.587404369013	29.06	0
700	13427.647404369012	29.06	0
701	13456.707404369012	29.06	0
702	13485.767404369011	29.06	0
703	13514.82740436901	29.06	0
704	13543.88740436901	29.06	0
705	13572.94740436901	29.06	0
706	13602.00740436901	29.06	0
707	13631.067404369009	29.06	0
708	13660.127404369008	29.06	0
709	13689.187404369008	28.69537417446434	-0.36462582553565814
710	13717.882778543471	28.32611512854134	-0.369259045923001
711	13746.208893672012	27.95204242418416	-0.3740727043571778
712	13774.160936096196	27.572963631684242	-0.3790787924999185
713	13801.73389972788	27.18867318573848	-0.3842904459457624
714	13828.92257291362	26.798951097511527	-0.3897220882269553
715	13855.72152401113	26.403561499929474	-0.39538959758205394
716	13882.125085511061	26.002250999067893	-0.40131050086157993
717	13908.12733651013	25.594746799125893	-0.40750419994199977
718	13933.722083309256	25.18075456184273	-0.41399223728316387
719	13958.9028378711	24.759955952966934	-0.42079860887579407
720	13983.662793824065	24.33200581807194	-0.4279501348949907
721	14007.994799642138	23.896528917018586	-0.4354769010533572
722	14031.891328559157	23.45311612987861	-0.4434127871399753
723	14055.344444689035	23.00132002605225	-0.4517961038263562
724	14078.345764715088	22.54064966113125	-0.46067036492100133
725	14100.886414376218	22.07056443069808	-0.4700852304331694
726	14122.956978806917	21.590466763810678	-0.4800976668874018
727	14144.547445570728	21.099693377297932	-0.4907733865127447
728	14165.647138948027	20.597504729311847	-0.5021886479860862
729	14186.244643677339	20.083072198317584	-0.5144325309942644
730	14206.327715875657	19.55546235927344	-0.5276098390441422
731	14225.883178234932	19.013617513296612	-0.5418448459768306
732	14244.89679574823	18.456331321825882	-0.5572861914707292
733	14263.353127070055	17.882217956319938	-0.574113365505944
734	14281.235345026374	17.289672528456983	-0.5925454278629556
735	14298.525017554832	16.67681959716946	-0.6128529312875233
736	14315.201837152	16.041445062575065	-0.6353745345943947
737	14331.243282214577	15.380904416222267	-0.6605406463527975
738	14346.6241866308	14.691996520865308	-0.6889078953569583
739	14361.316183151665	13.970785725925495	-0.7212107949398123
740	14375.28696887759	13.212344024940615	-0.7584417009848808
741	14388.49931290253	12.410364719068442	-0.8019793058721729
742	14400.909677621597	11.556560118645578	-0.8538046004228629
743	14412.466237740244	10.639675995577642	-0.9168841230679354
744	14423.10591373582	9.7210004988889	-0.9186754966887418
745	14432.826914234709	8.802325002200158	-0.9186754966887418
746	14441.629239236909	7.883649505511416	-0.9186754966887418
747	14449.51288874242	6.964974008822674	-0.9186754966887418
748	14456.477862751242	6.046298512133932	-0.9186754966887418
749	14462.524161263376	5.12762301544519	-0.9186754966887418
750	14467.651784278822	4.208947518756448	-0.9186754966887418
751	14471.860731797578	3.2902720220677057	-0.9186754966887418
752	14475.151003819647	2.3715965253789637	-0.9186754966887418
753	14477.522600345026	1.4529210286902219	-0.9186754966887418
754	14478.975521373717	0.5342455320014801	-0.9186754966887418
755	14479.50976690572	0	-0.5342455320014801
780	14479.50976690572	0	0
781	14479.50976690572	0.9186754966887418	0.9186754966887418
782	14480.428442402408	1.8373509933774836	0.9186754966887418
783	14482.265793395785	2.7560264900662252	0.9186754966887418
784	14485.021819885851	3.6747019867549673	0.9186754966887418
785	14488.696521872605	4.593377483443709	0.9186754966887418
786	14493.289899356048	5.512052980132451	0.9186754966887418
787	14498.80195233618	6.430728476821193	0.9186754966887418
788	14505.232680813002	7.3494039735099355	0.9186754966887418
789	14512.582084786512	8.268079470198677	0.9186754966887418
790	14520.850164256712	9.186754966887419	0.9186754966887418
791	14530.0369192236	10.10543046357616	0.9186754966887418
792	14540.142349687176	11.024105960264903	0.9186754966887418
793	14551.16645564744	11.942781456953645	0.9186754966887418
794	14563.109237104394	12.8300141780964	0.8872327211427556
795	14575.93925128249	13.65589218126774	0.8258780031713392
796	14589.595143463759	14.43182291866776	0.7759307374000186
797	14604.026966382427	15.166035536836745	0.7342126181689855
798	14619.193001919264	15.864703719720108	0.6986681828833623
799	14635.057705638985	16.532603144585835	0.6678994248657274
800	14651.59030878357	17.17352014945184	0.6409170048660036
801	14668.763828933023	17.79051808568476	0.6169979362329184
802	14686.554347018708	18.38611774383032	0.5955996581455589
803	14704.940464762538	18.962423554426024	0.5763058105957061
804	14723.902888316963	19.521214283873316	0.5587907294472918
805	14743.424102600837	20.06400974403174	0.5427954601584245
806	14763.488112344869	20.592120855681202	0.5281111116494613
807	14784.08023320055	21.106687886650374	0.5145670309691712
808	14805.1869210872	21.60871011519567	0.5020222285452961
809	14826.795631202394	22.099069161782857	0.49035904658718577
810	14848.894700364177	22.578547569334543	0.4794784075516864
811	14871.47324793351	23.047843765537056	0.4692961962025143
812	14894.521091699047	23.507584234010302	0.4597404684732476
813	14918.028675933057	23.958333506440265	0.45074927242996354
814	14941.987009439497	24.40060243500401	0.4422689285637458
815	14966.387611874501	24.834855094064004	0.4342526590599928
816	14991.222466968566	25.261514579288818	0.42665948522481517
817	15016.483981547855	25.680967912413728	0.4194533331249109
818	15042.16494946027	26.093570214873843	0.4126023024601146
819	15068.258519675144	26.499648279424253	0.4060780645504111
820	15094.75816795457	26.899503642723303	0.39985536329904986
821	15121.657671597293	27.293415241643554	0.39391159892025
822	15148.951086838937	27.6816417203108	0.3882264786672463
823	15176.632728559247	28.0644234424762	0.38278172216540257
824	15204.697152001723	28.44198425400632	0.37756081153011956
825	15233.13913625573	28.81453303244022	0.37254877843389833
826	15261.95366928817	28.44680101061162	-0.3677320218286001
827	15290.400470298782	28.074315314026137	-0.37248569658548075
828	15318.474785612809	27.6968875345222	-0.37742777950393586
829	15346.171673147332	27.314316515419097	-0.38257101910310437
830	15373.485989662751	26.926387112752746	-0.38792940266635284
831	15400.412376775505	26.532868797588666	-0.39351831516407887
832	15426.945245573093	26.133514073796825	-0.3993547237918428
833	15453.07875964689	25.728056680652344	-0.4054573931444795
834	15478.806816327544	25.31620954343601	-0.41184713721633326
835	15504.12302587098	24.897662427530438	-0.4185471159055707
836	15529.020688298511	24.472079241923836	-0.42558318560660274
837	15553.492767540434	24.03909492598905	-0.43298431593478426
838	15577.531862466423	23.59831183816112	-0.44078308782793196
839	15601.130174304584	23.149295545693484	-0.4490162924676358
840	15624.279469850278	22.69156988967293	-0.4577256560205535
841	15646.971039739952	22.224611167046668	-0.46695872262626226
842	15669.195650906999	21.74784122896211	-0.4767699380845585
843	15690.94349213596	21.260619238581047	-0.48722199038106134
844	15712.204111374542	20.76223175648749	-0.4983874820935561
845	15732.96634313103	20.251880720320326	-0.5103510361671658
846	15753.218223851349	19.72866874626231	-0.5232119740580137
847	15772.94689259761	19.191580987004674	-0.5370877592576383
848	15792.138473584615	18.639462508738543	-0.5521184782661307
849	15810.777936093353	18.070989759854363	-0.5684727488841806
850	15828.848925853206	17.484634135127827	-0.5863556247265352
851	15846.333559988334	16.8786147921907	-0.6060193429371269
852	15863.212174780525	16.25083658760908	-0.6277782045816186
853	15879.463011368134	15.59880698698252	-0.6520296006265593
854	15895.061818355116	14.919522571263498	-0.6792844157190224
855	15909.981340926379	14.209310401976309	-0.7102121692871889
856	15924.190651328356	13.463600287248118	-0.7457101147281907
857	15937.654251615604	12.676587433033921	-0.7870128542141971
858	15950.330839048638	11.840713697610928	-0.8358737354229924
859	15962.17155274625	10.945832969922684	-0.894880727688244
860	15973.117385716172	10.027157473233942	-0.9186754966887418
861	15983.144543189406	9.1084819765452	-0.9186754966887418
862	15992.253025165952	8.189806479856458	-0.9186754966887418
863	16000.442831645809	7.2711309831677156	-0.9186754966887418
864	16007.713962628977	6.3524554864789735	-0.9186754966887418
865	16014.066418115457	5.4337799897902315	-0.9186754966887418
866	16019.500198105246	4.515104493101489	-0.9186754966887418
867	16024.015302598347	3.5964289964127474	-0.9186754966887418
868	16027.61173159476	2.6777534997240053	-0.9186754966887418
869	16030.289485094483	1.7590780030352635	-0.9186754966887418
870	16032.048563097518	0.8404025063465217	-0.9186754966887418
871	16032.888965603865	0	-0.8404025063465217
896	16032.888965603865	0	0
897	16032.888965603865	0.9186754966887418	0.9186754966887418
898	16033.807641100553	1.8373509933774836	0.9186754966887418
899	16035.64499209393	2.7560264900662252	0.9186754966887418
900	16038.401018583996	3.6747019867549673	0.9186754966887418
901	16042.07572057075	4.593377483443709	0.9186754966887418
902	16046.669098054193	5.512052980132451	0.9186754966887418
903	16052.181151034325	6.430728476821193	0.9186754966887418
904	16058.611879511147	7.3494039735099355	0.9186754966887418
905	16065.961283484658	8.268079470198677	0.9186754966887418
906	16074.229362954857	9.186754966887419	0.9186754966887418
907	16083.416117921744	10.10543046357616	0.9186754966887418
908	16093.52154838532	11.024105960264903	0.9186754966887418
909	16104.545654345586	11.942781456953645	0.9186754966887418
910	16116.48843580254	12.8300141780964	0.8872327211427556
911	16129.318449980636	13.65589218126774	0.8258780031713392
912	16142.974342161904	14.43182291866776	0.7759307374000186
913	16157.406165080572	15.166035536836745	0.7342126181689855
914	16172.57220061741	15.864703719720108	0.6986681828833623
915	16188.43690433713	16.532603144585835	0.6678994248657274
916	16204.969507481715	17.17352014945184	0.6409170048660036
917	16222.143027631168	17.79051808568476	0.6169979362329184
918	16239.933545716853	18.38611774383032	0.5955996581455589
919	16258.319663460683	18.962423554426024	0.5763058105957061
920	16277.282087015108	19.521214283873316	0.5587907294472918
921	16296.803301298982	20.06400974403174	0.5427954601584245
922	16316.867311043014	20.592120855681202	0.5281111116494613
923	16337.459431898695	21.106687886650374	0.5145670309691712
924	16358.566119785344	21.60871011519567	0.5020222285452961
925	16380.17482990054	22.099069161782857	0.49035904658718577
926	16402.273899062322	22.578547569334543	0.4794784075516864
927	16424.852446631656	23.047843765537056	0.4692961962025143
928	16447.900290397192	23.507584234010302	0.4597404684732476
929	16471.407874631204	23.958333506440265	0.45074927242996354
930	16495.366208137646	24.40060243500401	0.4422689285637458
931	16519.76681057265	24.834855094064004	0.4342526590599928
932	16544.601665666716	25.261514579288818	0.42665948522481517
933	16569.863180246004	25.680967912413728	0.4194533331249109
934	16595.544148158417	26.093570214873843	0.4126023024601146
935	16621.63771837329	26.499648279424253	0.4060780645504111
936	16648.137366652714	26.899503642723303	0.39985536329904986
937	16675.036870295437	27.293415241643554	0.39391159892025
938	16702.33028553708	27.6816417203108	0.3882264786672463
939	16730.01192725739	28.0644234424762	0.38278172216540257
940	16758.076350699866	28.44198425400632	0.37756081153011956
941	16786.51833495387	28.81453303244022	0.37254877843389833
942	16815.33286798631	29.18226505426882	0.3677320218286001
943	16844.51513304058	29.545363205504216	0.363098151235393
944	16874.060496246082	29.90399905696981	0.3586358514655936
945	16903.96449530305	30.258333822359543	0.3543347653897341
946	16934.22282912541	30.608519214333647	0.3501853919741027
947	16964.831348339743	30.85	0.3461789972872722
948	16995.68134833974	30.85	0
949	17026.53134833974	30.85	0
950	17057.38134833974	30.85	0
951	17088.231348339737	30.85	0
952	17119.081348339736	30.85	0
953	17149.931348339735	30.506530745864954	-0.3434692541350478
954	17180.4378790856	30.159194413905855	-0.3473363319590995
955	17210.597073499506	29.807857891296994	-0.35133652260885956
956	17240.404931390804	29.452380267621127	-0.35547762367586805
957	17269.857311658423	29.092612181178378	-0.35976808644274877
958	17298.949923839602	28.728395093208484	-0.364217087969893
959	17327.67831893281	28.359560480077896	-0.36883461313058774
960	17356.03787941289	27.98592893182066	-0.37363154825723593
961	17384.023808344708	27.607309143430562	-0.3786197883900968
962	17411.631117488138	27.22349678290619	-0.3838123605243743
963	17438.854614271044	26.834273217154724	-0.3892235657514629
964	17465.6888874882	26.439404073343056	-0.39486914381166677
965	17492.12829156154	26.03863760899035	-0.40076646435270585
966	17518.166929170533	25.63170285882478	-0.40693475016556707
967	17543.798632029357	25.218307519918607	-0.41339533890617425
968	17569.016939549274	24.79813552853112	-0.42017199138748645
969	17593.815075077804	24.370844271981806	-0.42729125654931305
970	17618.185919349788	23.9360613661533	-0.434782905828505
971	17642.12198071594	23.493380913092235	-0.4426804530610662
972	17665.615361629032	23.042359132563348	-0.45102178052888686
973	17688.657720761596	22.582509234855088	-0.4598498977082591
974	17711.240229996452	22.113295367615226	-0.4692138672398608
975	17733.35352536407	21.634125424198107	-0.47916994341711894
976	17754.98765078827	21.144342440957452	-0.4897829832406539
977	17776.131993229228	20.643214230437113	-0.5011282105203372
978	17796.775207459665	20.129920788253916	-0.5132934421831972
979	17816.90512824792	19.603538861492975	-0.5263819267609415
980	17836.508667109414	19.063022857472912	-0.5405160040200644
981	17855.571689966888	18.507180976083546	-0.5558418813893657
982	17874.078870942973	17.934645023484432	-0.5725359525991157
983	17892.013515966457	17.343831741359732	-0.5908132821246984
984	17909.357347707817	16.73289255282979	-0.6109391885299454
985	17926.090240260648	16.09964719751468	-0.6332453553151081
986	17942.189887458164	15.441494483975596	-0.6581527135390859
987	17957.63138194214	14.755289758062425	-0.6862047259131716
988	17972.386671700202	14.037172617443314	-0.7181171406191099
989	17986.423844317644	13.282317862939614	-0.7548547545036995
990	17999.706162180584	12.484563540282474	-0.7977543226571402
991	18012.190725720866	11.635833309876158	-0.8487302304063151
992	18023.826559030742	10.725195781142173	-0.9106375287339864
993	18034.551754811884	9.80652028445343	-0.9186754966887418
994	18044.358275096336	8.887844787764688	-0.9186754966887418
995	18053.2461198841	7.969169291075946	-0.9186754966887418
996	18061.215289175176	7.050493794387204	-0.9186754966887418
997	18068.265782969564	6.131818297698462	-0.9186754966887418
998	18074.39760126726	5.21314280100972	-0.9186754966887418
999	18079.61074406827	4.294467304320978	-0.9186754966887418
1000	18083.905211372592	3.375791807632236	-0.9186754966887418
1001	18087.281003180226	2.457116310943494	-0.9186754966887418
1002	18089.73811949117	1.5384408142547523	-0.9186754966887418
1003	18091.276560305425	0.6197653175660105	-0.9186754966887418
1004	18091.89632562299	0	-0.6197653175660105
1029	18091.89632562299	0	0
1030	18091.89632562299	0.9186754966887418	0.9186754966887418
1031	18092.81500111968	1.8373509933774836	0.9186754966887418
1032	18094.65235211306	2.7560264900662252	0.9186754966887418
1033	18097.408378603126	3.6747019867549673	0.9186754966887418
1034	18101.08308058988	4.593377483443709	0.9186754966887418
1035	18105.676458073325	5.512052980132451	0.9186754966887418
1036	18111.188511053457	6.430728476821193	0.9186754966887418
1037	18117.61923953028	7.3494039735099355	0.9186754966887418
1038	18124.968643503787	8.268079470198677	0.9186754966887418
1039	18133.236722973987	9.186754966887419	0.9186754966887418
1040	18142.423477940873	10.10543046357616	0.9186754966887418
1041	18152.52890840445	11.024105960264903	0.9186754966887418
1042	18163.553014364712	11.942781456953645	0.9186754966887418
1043	18175.495795821666	12.8300141780964	0.8872327211427556
1044	18188.325809999762	13.65589218126774	0.8258780031713392
1045	18201.98170218103	14.43182291866776	0.7759307374000186
1046	18216.4135250997	15.166035536836745	0.7342126181689855
1047	18231.579560636535	15.864703719720108	0.6986681828833623
1048	18247.444264356254	16.532603144585835	0.6678994248657274
1049	18263.97686750084	17.17352014945184	0.6409170048660036
1050	18281.150387650294	17.79051808568476	0.6169979362329184
1051	18298.940905735977	18.38611774383032	0.5955996581455589
1052	18317.327023479807	18.962423554426024	0.5763058105957061
1053	18336.289447034233	19.521214283873316	0.5587907294472918
1054	18355.810661318104	20.06400974403174	0.5427954601584245
1055	18375.874671062134	20.592120855681202	0.5281111116494613
1056	18396.466791917817	21.106687886650374	0.5145670309691712
1057	18417.57347980447	21.60871011519567	0.5020222285452961
1058	18439.182189919666	22.099069161782857	0.49035904658718577
1059	18461.28125908145	22.578547569334543	0.4794784075516864
1060	18483.859806650784	23.047843765537056	0.4692961962025143
1061	18506.90765041632	23.507584234010302	0.4597404684732476
1062	18530.415234650332	23.958333506440265	0.45074927242996354
1063	18554.373568156774	24.40060243500401	0.4422689285637458
1064	18578.77417059178	24.834855094064004	0.4342526590599928
1065	18603.609025685844	25.261514579288818	0.42665948522481517
1066	18628.870540265132	25.680967912413728	0.4194533331249109
1067	18654.551508177545	26.093570214873843	0.4126023024601146
1068	18680.64507839242	26.499648279424253	0.4060780645504111
1069	18707.144726671842	26.899503642723303	0.39985536329904986
1070	18734.044230314565	27.293415241643554	0.39391159892025
1071	18761.337645556207	27.6816417203108	0.3882264786672463
1072	18789.01928727652	28.0644234424762	0.38278172216540257
1073	18817.083710718995	28.44198425400632	0.37756081153011956
1074	18845.525694973	28.81453303244022	0.37254877843389833
1075	18874.34022800544	29.18226505426882	0.3677320218286001
1076	18903.522493059707	29.545363205504216	0.363098151235393
1077	18933.06785626521	29.90399905696981	0.3586358514655936
1078	18962.97185532218	30.258333822359543	0.3543347653897341
1079	18993.23018914454	30.608519214333647	0.3501853919741027
1080	19023.83870835887	30.95469821162092	0.3461789972872722
1081	19054.793406570494	31.297005748190223	0.34230753656930496
1082	19086.090412318685	31.635569333963247	0.33856358577302403
1083	19117.72598165265	31.97050961520834	0.334940281245091
1084	19149.696491267856	32.30194088163475	0.33143126642641024
1085	19181.998432149492	32.62997152626052	0.328030644625772
1086	19214.628403675753	32.954704463325406	0.32473293706488743
1087	19247.58310813908	33.27623750883817	0.32153304551276796
1088	19280.859345647918	33.59466372776547	0.3184262189273027
1089	19314.454009375684	33.91007175137098	0.3154080236055101
1090	19348.364081127056	34.22254606778518	0.31247431641420315
1091	19382.58662719484	34.53216728851722	0.309621220732043
1092	19417.11879448336	34.839012393301296	0.3068451047840736
1093	19451.95780687666	35.143154955393655	0.3041425620923625
1094	19487.100961832053	35.32	0.3015103938025912
1095	19522.420961832053	35.32	0
1096	19557.740961832053	35.32	0
1097	19593.060961832052	35.32	0
1098	19628.380961832052	35.32	0
1099	19663.70096183205	35.32	0
1100	19699.02096183205	35.32	0
1101	19734.34096183205	35.32	0
1102	19769.66096183205	35.32	0
1103	19804.98096183205	35.32	0
1104	19840.30096183205	35.32	0
1105	19875.62096183205	35.32	0
1106	19910.94096183205	35.32	0
1107	19946.26096183205	35.32	0
1108	19981.58096183205	35.32	0
1109	20016.90096183205	35.32	0
1110	20052.22096183205	35.32	0
1111	20087.54096183205	35.32	0
1112	20122.860961832048	35.32	0
1113	20158.180961832048	35.32	0
1114	20193.500961832047	35.32	0
1115	20228.820961832047	35.32	0
1116	20264.140961832047	35.32	0
1117	20299.460961832046	35.32	0
1118	20334.780961832046	35.32	0
1119	20370.100961832046	35.32	0
1120	20405.420961832046	35.32	0
1121	20440.740961832045	35.32	0
1122	20476.060961832045	35.32	0
1123	20511.380961832045	35.32	0
1124	20546.700961832044	35.32	0
1125	20582.020961832044	35.32	0
1126	20617.340961832044	35.32	0
1127	20652.660961832044	35.32	0
1128	20687.980961832043	35.32	0
1129	20723.300961832043	35.32	0
1130	20758.620961832043	35.32	0
1131	20793.940961832042	35.32	0
1132	20829.260961832042	35.32	0
1133	20864.58096183204	35.32	0
1134	20899.90096183204	35.32	0
1135	20935.22096183204	35.32	0
1136	20970.54096183204	35.32	0
1137	21005.86096183204	35.32	0
1138	21041.18096183204	35.32	0
1139	21076.50096183204	35.32	0
1140	21111.82096183204	35.32	0
1141	21147.14096183204	35.32	0
1142	21182.46096183204	35.32	0
1143	21217.78096183204	35.32	0
1144	21253.10096183204	35.32	0
1145	21288.42096183204	35.32	0
1146	21323.740961832038	35.32	0
1147	21359.060961832038	35.32	0
1148	21394.380961832037	35.32	0
1149	21429.700961832037	35.32	0
1150	21465.020961832037	35.01999924999812	-0.30000075000187504
1151	21500.040961082035	34.71742852706851	-0.30257072292960696
1152	21534.758389609106	34.41222082766173	-0.3052076994067895
1153	21569.170610436766	34.10430619050036	-0.3079146371613649
1154	21603.274916627266	33.793611510747056	-0.3106946797533067
1155	21637.068528138014	33.48006033890215	-0.3135511718449055
1156	21670.548588476915	33.16357266287027	-0.31648767603187905
1157	21703.712161139785	32.84406467144299	-0.3195079914272768
1158	21736.55622581123	32.521448497225094	-0.32261617421789995
1159	21769.077674308453	32.195631936779755	-0.3258165604453423
1160	21801.27330624523	31.8665181454781	-0.32911379130165486
1161	21833.13982439071	31.53400530420398	-0.33251284127412006
1162	21864.673829694915	31.197986254677986	-0.3360190495259925
1163	21895.871815949595	30.858348099716064	-0.33963815496192173
1164	21926.73016404931	30.51497176421599	-0.3433763355000757
1165	21957.245135813526	30.167731512055838	-0.3472402521601503
1166	21987.41286732558	29.816494413375356	-0.3512370986804815
1167	22017.229361738955	29.461119755873266	-0.3553746575020893
1168	22046.69048149483	29.101458392765917	-0.3596613631073489
1169	22075.791939887593	28.737352018883975	-0.36410637388194267
1170	22104.529291906478	28.368632364995776	-0.36871965388819866
1171	22132.897924271474	27.995120298790543	-0.3735120662052333
1172	22160.893044570264	27.616624818972085	-0.37849547981845966
1173	22188.509669389237	27.232941926528728	-0.38368289244335757
1174	22215.742611315767	26.843853354362963	-0.38908857216576376
1175	22242.58646467013	26.449125132963854	-0.39472822139911
1176	22269.035589803094	26.0485059655321	-0.40061916743175274
1177	22295.084095768627	25.641725380722857	-0.4067805848092439
1178	22320.72582114935	25.228491624696744	-0.4132337560261133
1179	22345.954312774047	24.808489246128318	-0.4200023785684252
1180	22370.762802020174	24.381376317769735	-0.4271129283585808
1181	22395.144178337945	23.946781225517146	-0.43459509225258897
1182	22419.090959563462	23.504298939890578	-0.4424822856265685
1183	22442.595258503352	23.053486664350505	-0.45081227554007425
1184	22465.648745167702	22.59385872848379	-0.45962793586671336
1185	22488.242603896186	22.124880559796388	-0.46897816868740305
1186	22510.367484455983	21.645961522858375	-0.4789190369380118
1187	22532.013445978842	21.156446354919233	-0.4895151679391421
1188	22553.16989233376	20.655604847214775	-0.5008415077044577
1189	22573.825497180977	20.14261931285532	-0.5129855343594553
1190	22593.96811649383	19.616569233395015	-0.5260500794603056
1191	22613.584685727226	19.07641226894337	-0.5401569644516471
1192	22632.66109799617	18.52096052357945	-0.5554517453639166
1193	22651.18205851975	17.948850536272033	-0.5721099873074178
1194	22669.13090905602	17.35850484986425	-0.5903456864077835
1195	22686.489413905885	16.748082086975828	-0.610422762888423
1196	22703.23749599286	16.115411048283807	-0.6326710386920209
1197	22719.352907041142	15.457902129751156	-0.6575089185326513
1198	22734.810809170893	14.772425769432346	-0.6854763603188114
1199	22749.583234940324	14.055141644573725	-0.7172841248586214
1200	22763.6383765849	13.301251946552998	-0.7538896980207267
1201	22776.93962853145	12.504633212268203	-0.7966187342847958
1202	22789.44426174372	11.657265175941433	-0.8473680363267707
1203	22801.10152691966	10.748301853057212	-0.90896332288422
1204	22811.84982877272	9.82962635636847	-0.9186754966887418
1205	22821.679455129088	8.910950859679728	-0.9186754966887418
1206	22830.59040598877	7.992275362990986	-0.9186754966887418
1207	22838.58268135176	7.073599866302244	-0.9186754966887418
1208	22845.656281218064	6.154924369613502	-0.9186754966887418
1209	22851.811205587677	5.23624887292476	-0.9186754966887418
1210	22857.0474544606	4.317573376236018	-0.9186754966887418
1211	22861.365027836837	3.3988978795472757	-0.9186754966887418
1212	22864.763925716383	2.4802223828585337	-0.9186754966887418
1213	22867.244148099242	1.5615468861697919	-0.9186754966887418
1214	22868.80569498541	0.64287138948105	-0.9186754966887418
1215	22869.448566374893	0	-0.64287138948105
1240	22869.448566374893	0	0
1241	22869.448566374893	0.9186754966887418	0.9186754966887418
1242	22870.367241871583	1.8373509933774836	0.9186754966887418
1243	22872.20459286496	2.7560264900662252	0.9186754966887418
1244	22874.960619355028	3.6747019867549673	0.9186754966887418
1245	22878.635321341782	4.593377483443709	0.9186754966887418
1246	22883.228698825227	5.512052980132451	0.9186754966887418
1247	22888.74075180536	6.430728476821193	0.9186754966887418
1248	22895.17148028218	7.3494039735099355	0.9186754966887418
1249	22902.52088425569	8.268079470198677	0.9186754966887418
1250	22910.78896372589	9.186754966887419	0.9186754966887418
1251	22919.975718692775	10.10543046357616	0.9186754966887418
1252	22930.08114915635	11.024105960264903	0.9186754966887418
1253	22941.105255116614	11.942781456953645	0.9186754966887418
1254	22953.048036573568	12.8300141780964	0.8872327211427556
1255	22965.878050751664	13.65589218126774	0.8258780031713392
1256	22979.533942932932	14.43182291866776	0.7759307374000186
1257	22993.9657658516	15.166035536836745	0.7342126181689855
1258	23009.131801388437	15.864703719720108	0.6986681828833623
1259	23024.996505108156	16.532603144585835	0.6678994248657274
1260	23041.529108252744	17.17352014945184	0.6409170048660036
1261	23058.702628402196	17.79051808568476	0.6169979362329184
1262	23076.49314648788	18.38611774383032	0.5955996581455589
1263	23094.87926423171	18.962423554426024	0.5763058105957061
1264	23113.841687786135	19.521214283873316	0.5587907294472918
1265	23133.362902070006	20.06400974403174	0.5427954601584245
1266	23153.426911814036	20.592120855681202	0.5281111116494613
1267	23174.01903266972	21.106687886650374	0.5145670309691712
1268	23195.12572055637	21.60871011519567	0.5020222285452961
1269	23216.734430671568	22.099069161782857	0.49035904658718577
1270	23238.833499833352	22.578547569334543	0.4794784075516864
1271	23261.412047402686	23.047843765537056	0.4692961962025143
1272	23284.459891168222	23.507584234010302	0.4597404684732476
1273	23307.967475402234	23.958333506440265	0.45074927242996354
1274	23331.925808908676	24.40060243500401	0.4422689285637458
1275	23356.32641134368	24.834855094064004	0.4342526590599928
1276	23381.161266437746	25.261514579288818	0.42665948522481517
1277	23406.422781017034	25.680967912413728	0.4194533331249109
1278	23432.103748929447	26.093570214873843	0.4126023024601146
1279	23458.19731914432	26.499648279424253	0.4060780645504111
1280	23484.696967423744	26.899503642723303	0.39985536329904986
1281	23511.596471066467	27.293415241643554	0.39391159892025
1282	23538.88988630811	27.6816417203108	0.3882264786672463
1283	23566.57152802842	28.0644234424762	0.38278172216540257
1284	23594.635951470897	28.44198425400632	0.37756081153011956
1285	23623.0779357249	28.81453303244022	0.37254877843389833
1286	23651.89246875734	29.18226505426882	0.3677320218286001
1287	23681.07473381161	29.545363205504216	0.363098151235393
1288	23710.620097017112	29.90399905696981	0.3586358514655936
1289	23740.52409607408	30.258333822359543	0.3543347653897341
1290	23770.78242989644	30.608519214333647	0.3501853919741027
1291	23801.390949110773	30.95469821162092	0.3461789972872722
1292	23832.345647322396	31.297005748190223	0.34230753656930496
1293	23863.642653070587	31.635569333963247	0.33856358577302403
1294	23895.27822240455	31.97050961520834	0.334940281245091
1295	23927.248732019758	32.30194088163475	0.33143126642641024
1296	23959.550672901394	32.62997152626052	0.328030644625772
1297	23992.180644427655	32.954704463325406	0.32473293706488743
1298	24025.13534889098	33.27623750883817	0.32153304551276796
1299	24058.41158639982	33.59466372776547	0.3184262189273027
1300	24092.006250127586	33.91007175137098	0.3154080236055101
1301	24125.916321878958	34.22254606778518	0.31247431641420315
1302	24160.13886794674	34.53216728851722	0.309621220732043
1303	24194.67103523526	34.839012393301296	0.3068451047840736
1304	24229.510047628562	35.143154955393655	0.3041425620923625
1305	24264.653202583955	35.44466534919625	0.3015103938025912
1306	24300.097867933153	35.74361094187361	0.2989455926773619
1307	24335.841478875027	36.04005627044709	0.29644532857347633
1308	24371.881535145472	36.33406320569028	0.29400693524318905
1309	24408.215598351162	36.625691104009306	0.29162789831902924
1310	24444.841289455173	36.914996948368	0.2893058443586969
1311	24481.756286403543	37.20203547920918	0.28703853084118086
1312	24518.95832188275	37.486859316227125	0.28482383701794883
1313	24556.44518119898	37.76951907176123	0.28265975553410716
1314	24594.21470027074	38.05006345650529	0.2805443847440582
1315	24632.264763727246	38.32853937815989	0.2784759216545974
1316	24670.593303105405	38.60499203359564	0.2764526554357556
1317	24709.198295139002	38.330519072149485	-0.27447296144615524
1318	24747.528814211153	38.05408069493572	-0.2764383772137638
1319	24785.58289490609	37.77563417102649	-0.278446523909231
1320	24823.358529077115	37.49513520065597	-0.2804989703705164
1321	24860.853664277773	37.2125378334679	-0.2825973671880732
1322	24898.06620211124	36.92779438120766	-0.28474345226023423
1323	24934.99399649245	36.64085532439092	-0.2869390568167397
1324	24971.634851816838	36.351669212433194	-0.289186111957728
1325	25007.98652102927	36.06018255667208	-0.2914866557611092
1326	25044.046703585944	35.76633971565447	-0.29384284101761105
1327	25079.813043301598	35.470082771994434	-0.2962569436600324
1328	25115.28312607359	35.171351400032925	-0.29873137196151023
1329	25150.454477473624	34.87008272344587	-0.3012686765870562
1330	25185.32456019707	34.56621116185242	-0.3038715615934485
1331	25219.89077135892	34.259668265367424	-0.3065428964849956
1332	25254.15043962429	33.950382535920426	-0.3092857294469949
1333	25288.10082216021	33.63827923402522	-0.31210330189520963
1334	25321.739101394236	33.323280169526456	-0.31499906449876647
1335	25355.062381563763	33.00530347467046	-0.3179766948559915
1336	25388.067685038433	32.68426335764206	-0.32104011702840496
1337	25420.751948396075	32.36006983447401	-0.32419352316804534
1338	25453.11201823055	32.032628436965716	-0.3274413975082961
1339	25485.144646667515	31.70183989393631	-0.3307885430294066
1340	25516.84648656145	31.36759978277819	-0.33424011115812097
1341	25548.21408634423	31.0297981478605	-0.3378016349176892
1342	25579.24388449209	30.688319081848697	-0.34147906601180456
1343	25609.93220357394	30.34304026544283	-0.34527881640586455
1344	25640.27524383938	29.99383246037875	-0.3492078050640779
1345	25670.26907629976	29.64055894976408	-0.35327351061466933
1346	25699.90963524952	29.283074918912142	-0.3574840308519406
1347	25729.192710168434	28.921226768763713	-0.36184815014842936
1348	25758.1139369372	28.554851352714266	-0.36637541604944757
1349	25786.668788289913	28.18377512615009	-0.3710762265641781
1350	25814.852563416065	27.807813196187244	-0.3759619299628455
1351	25842.660376612253	27.426768256935457	-0.3810449392517876
1352	25870.08714486919	27.040429392990493	-0.3863388639449633
1353	25897.12757426218	26.648570730686373	-0.39185866230411864
1354	25923.776144992866	26.25094991277644	-0.39762081790993337
1355	25950.027094905643	25.847306367484805	-0.40364354529163526
1356	25975.87440127313	25.437359337050882	-0.40994703043392305
1357	26001.31176061018	25.02080562368518	-0.4165537133657008
1358	26026.332566233865	24.597317001878544	-0.42348862180663843
1359	26050.92988323574	24.166537234749594	-0.430779767128951
1360	26075.09642047049	23.72807861789695	-0.438458616852644
1361	26098.824499088387	23.281517956130003	-0.44656066176694775
1362	26122.106017044516	22.82639185524463	-0.4551261008853721
1363	26144.93240889976	22.362191180987317	-0.46420067425731437
1364	26167.294600080746	21.888354498154772	-0.47383668283254515
1365	26189.1829545789	21.40426025109936	-0.4840942470554143
1366	26210.58721483	20.90921737805627	-0.49504287304308947
1367	26231.496432208056	20.402453958915267	-0.5067634191410008
1368	26251.89888616697	19.883103369451685	-0.5193505894635815
1369	26271.781989536423	19.350187239953215	-0.5329161294984723
1370	26291.132176776377	18.802594270507	-0.5475929694462143
1371	26309.934771046883	18.239053604914556	-0.563540665592446
1372	26328.173824651796	17.65810095684453	-0.5809526480700239
1373	26345.83192560864	17.058034929588125	-0.6000660272564052
1374	26362.88996053823	16.43685983328868	-0.6211750962994466
1375	26379.326820371516	15.792209541351124	-0.6446502919375554
1376	26395.11902991287	15.12124412246398	-0.6709654188871451
1377	26410.240274035332	14.420506378647989	-0.7007377438159912
1378	26424.66078041398	13.685717584701374	-0.7347887939466151
1379	26438.34649799868	12.911477839909985	-0.7742397447913897
1380	26451.257975838587	12.090810630358387	-0.8206672095515983
1381	26463.348786468945	11.21444040060216	-0.8763702297562282
1382	26474.563226869548	10.295764903913417	-0.9186754966887418
1383	26484.85899177346	9.377089407224675	-0.9186754966887418
1384	26494.236081180687	8.458413910535933	-0.9186754966887418
1385	26502.694495091222	7.539738413847191	-0.9186754966887418
1386	26510.23423350507	6.621062917158449	-0.9186754966887418
1387	26516.85529642223	5.702387420469707	-0.9186754966887418
1388	26522.5576838427	4.783711923780965	-0.9186754966887418
1389	26527.34139576648	3.865036427092223	-0.9186754966887418
1390	26531.206432193572	2.946360930403481	-0.9186754966887418
1391	26534.152793123976	2.0276854337147387	-0.9186754966887418
1392	26536.18047855769	1.109009937025997	-0.9186754966887418
1393	26537.289488494716	0.1903344403372551	-0.9186754966887418
1394	26537.479822935053	0	-0.1903344403372551
1419	26537.479822935053	0	0
1420	26537.479822935053	0.9186754966887418	0.9186754966887418
1421	26538.398498431743	1.8373509933774836	0.9186754966887418
1422	26540.23584942512	2.7560264900662252	0.9186754966887418
1423	26542.991875915188	3.6747019867549673	0.9186754966887418
1424	26546.666577901942	4.593377483443709	0.9186754966887418
1425	26551.259955385387	5.512052980132451	0.9186754966887418
1426	26556.77200836552	6.430728476821193	0.9186754966887418
1427	26563.20273684234	7.3494039735099355	0.9186754966887418
1428	26570.55214081585	8.268079470198677	0.9186754966887418
1429	26578.82022028605	9.186754966887419	0.9186754966887418
1430	26588.006975252934	10.10543046357616	0.9186754966887418
1431	26598.11240571651	11.024105960264903	0.9186754966887418
1432	26609.136511676774	11.942781456953645	0.9186754966887418
1433	26621.079293133727	12.8300141780964	0.8872327211427556
1434	26633.909307311824	13.65589218126774	0.8258780031713392
1435	26647.565199493092	14.43182291866776	0.7759307374000186
1436	26661.99702241176	15.166035536836745	0.7342126181689855
1437	26677.163057948597	15.864703719720108	0.6986681828833623
1438	26693.027761668316	16.532603144585835	0.6678994248657274
1439	26709.560364812904	17.17352014945184	0.6409170048660036
1440	26726.733884962356	17.79051808568476	0.6169979362329184
1441	26744.52440304804	18.38611774383032	0.5955996581455589
1442	26762.91052079187	18.962423554426024	0.5763058105957061
1443	26781.872944346294	19.521214283873316	0.5587907294472918
1444	26801.394158630166	20.06400974403174	0.5427954601584245
1445	26821.458168374196	20.592120855681202	0.5281111116494613
1446	26842.05028922988	21.106687886650374	0.5145670309691712
1447	26863.15697711653	21.60871011519567	0.5020222285452961
1448	26884.765687231727	22.099069161782857	0.49035904658718577
1449	26906.864756393512	22.578547569334543	0.4794784075516864
1450	26929.443303962846	23.047843765537056	0.4692961962025143
1451	26952.491147728382	23.507584234010302	0.4597404684732476
1452	26975.998731962394	23.958333506440265	0.45074927242996354
1453	26999.957065468836	24.40060243500401	0.4422689285637458
1454	27024.35766790384	24.834855094064004	0.4342526590599928
1455	27049.192522997906	25.261514579288818	0.42665948522481517
1456	27074.454037577194	25.680967912413728	0.4194533331249109
1457	27100.135005489607	26.093570214873843	0.4126023024601146
1458	27126.22857570448	26.499648279424253	0.4060780645504111
1459	27152.728223983904	26.899503642723303	0.39985536329904986
1460	27179.627727626626	27.293415241643554	0.39391159892025
1461	27206.92114286827	27.6816417203108	0.3882264786672463
1462	27234.60278458858	28.0644234424762	0.38278172216540257
1463	27262.667208031056	28.44198425400632	0.37756081153011956
1464	27291.10919228506	28.81453303244022	0.37254877843389833
1465	27319.9237253175	29.18226505426882	0.3677320218286001
1466	27349.10599037177	29.545363205504216	0.363098151235393
1467	27378.651353577272	29.90399905696981	0.3586358514655936
1468	27408.55535263424	30.258333822359543	0.3543347653897341
1469	27438.8136864566	30.608519214333647	0.3501853919741027
1470	27469.422205670933	30.95469821162092	0.3461789972872722
1471	27500.376903882556	31.297005748190223	0.34230753656930496
1472	27531.673909630746	31.635569333963247	0.33856358577302403
1473	27563.30947896471	31.97050961520834	0.334940281245091
1474	27595.279988579918	32.30194088163475	0.33143126642641024
1475	27627.581929461554	32.62997152626052	0.328030644625772
1476	27660.211900987815	32.954704463325406	0.32473293706488743
1477	27693.16660545114	32.63317141781264	-0.32153304551276796
1478	27725.799776868953	32.30847032289294	-0.3247010949197062
1479	27758.108247191845	31.980505972239104	-0.3279643506538333
1480	27790.088753164084	31.649178303462875	-0.3313276687762282
1481	27821.737931467545	31.314382044663738	-0.33479625879913816
1482	27853.05231351221	30.976006327239293	-0.3383757174244442
1483	27884.02831983945	30.633934260939757	-0.34207206629953535
1484	27914.66225410039	30.28804246657181	-0.3458917943679485
1485	27944.95029656696	29.938200561081853	-0.34984190548995725
1486	27974.888497128042	29.584270588956525	-0.35392997212532956
1487	28004.472767716998	29.2261063929455	-0.358164196011025
1488	28033.698874109945	28.863552916009418	-0.36255347693608136
1489	28062.562427025954	28.49644542508826	-0.36710749092115574
1490	28091.05887245104	28.124608645728493	-0.37183677935976844
1491	28119.18348109677	27.74785579474525	-0.37675285098324485
1492	28146.931336891517	27.365987495859507	-0.38186829888574125
1493	28174.29732438738	26.978790560551786	-0.38719693530772137
1494	28201.27611494793	26.586036613102426	-0.39275394744935926
1495	28227.862151561032	26.187480534802127	-0.3985560783002975
1496	28254.049632095834	25.782858697432758	-0.40462183736936913
1497	28279.832490793266	25.37188695010199	-0.41097174733076786
1498	28305.20437774337	24.954258316058922	-0.41762863404306755
1499	28330.158636059426	24.529640346818486	-0.424617969240437
1500	28354.688276406247	24.097672069246876	-0.43196827757160894
1501	28378.78594847549	23.657960446496862	-0.43971162275001374
1502	28402.44390892199	23.210076254872252	-0.44788419162460924
1503	28425.65398517686	22.753549254542303	-0.45652700032994986
1504	28448.407534431404	22.287862500729556	-0.46568675381274577
1505	28470.695396932133	21.8124456010731	-0.4754168996564557
1506	28492.507842533207	21.32666667083041	-0.48577893024269303
1507	28513.834509204036	20.829822665453847	-0.49684400537656276
1508	28534.66433186949	20.321127672690434	-0.5086949927634132
1509	28554.985459542182	19.799698613204416	-0.521429059486016
1510	28574.785158155388	19.26453761418801	-0.5351609990164061
1511	28594.049695769576	18.71451006085279	-0.550027553335224
1512	28612.76420583043	18.148316959584747	-0.5661931012680427
1513	28630.912522790015	17.564459706393556	-0.5838572531911893
1514	28648.47698249641	16.96119455237295	-0.6032651540206054
1515	28665.43817704878	16.336472840859784	-0.6247217115131665
1516	28681.77464988964	15.68786119786399	-0.6486116429957937
1517	28697.462511087506	15.012432829622885	-0.6754283682411053
1518	28712.47494391713	14.306616083575042	-0.7058167460478423
1519	28726.7815600007	13.565977876177335	-0.7406382073977072
1520	28740.347537876878	12.784904326833466	-0.7810735493438685
1521	28753.13244220371	11.956112321888472	-0.8287920049449932
1522	28765.0885545256	11.069868850365735	-0.8862434715227382
1523	28776.158423375964	10.151193353676993	-0.9186754966887418
1524	28786.309616729643	9.23251785698825	-0.9186754966887418
1525	28795.54213458663	8.313842360299509	-0.9186754966887418
1526	28803.85597694693	7.395166863610767	-0.9186754966887418
1527	28811.25114381054	6.4764913669220245	-0.9186754966887418
1528	28817.72763517746	5.5578158702332825	-0.9186754966887418
1529	28823.285451047694	4.6391403735445405	-0.9186754966887418
1530	28827.924591421237	3.7204648768557984	-0.9186754966887418
1531	28831.645056298094	2.8017893801670564	-0.9186754966887418
1532	28834.44684567826	1.8831138834783145	-0.9186754966887418
1533	28836.32995956174	0.9644383867895727	-0.9186754966887418
1534	28837.294397948528	0.0457628901008309	-0.9186754966887418
1535	28837.34016083863	0	-0.0457628901008309
