"","X300","X315","X330","X345","X360","X375","X390","X405","X420","X428","X435","X442","X450","X458","X465","X472","X480","X488","X495","X502","X510","X518","X525","X532","X540","X548","X555","X562","X570","X585","X600","X615","X630","X645","X660","X675","X690","X705","X720","X735"
"Worcester Union",NA,NA,NA,NA,302,317,332,347,362,NA,377,NA,392,NA,407,NA,422,NA,437,NA,452,NA,467,NA,482,NA,497,NA,512,527,542,557,572,587,602,617,632,647,662,677
"Biotech Park",NA,NA,NA,NA,305,320,335,350,365,NA,380,NA,395,NA,410,NA,425,NA,440,NA,455,NA,470,NA,485,NA,500,NA,515,530,545,560,575,590,605,620,635,650,665,680
"Grafton",NA,NA,NA,NA,312,327,342,357,372,NA,387,NA,402,NA,417,NA,432,NA,447,NA,462,NA,477,NA,492,NA,507,NA,522,537,552,567,582,597,612,627,642,657,672,687
"Westborough",NA,NA,NA,NA,316,331,346,361,376,NA,391,NA,406,NA,421,NA,436,NA,451,NA,466,NA,481,NA,496,NA,511,NA,526,541,556,571,586,601,616,631,646,661,676,691
"Southborough",NA,NA,NA,NA,320,335,350,365,380,NA,395,NA,410,NA,425,NA,440,NA,455,NA,470,NA,485,NA,500,NA,515,NA,530,545,560,575,590,605,620,635,650,665,680,695
"Ashland",NA,NA,NA,NA,324,339,354,369,384,NA,399,NA,414,NA,429,NA,444,NA,459,NA,474,NA,489,NA,504,NA,519,NA,534,549,564,579,594,609,624,639,654,669,684,699
"Framingham",267,282,297,312,327,342,357,372,387,395,402,409,417,425,432,439,447,455,462,469,477,485,492,499,507,515,522,529,537,552,567,582,597,612,627,642,657,672,687,702
"West Natick",270,285,300,315,330,345,360,375,390,398,405,412,420,428,435,442,450,458,465,472,480,488,495,502,510,518,525,532,540,555,570,585,600,615,630,645,660,675,690,705
"Natick Center",273,288,303,318,332,347,362,377,392,401,407,415,422,431,437,445,452,461,467,475,482,491,497,505,512,521,527,535,542,557,572,587,602,617,632,647,662,677,692,707
"Wellesley Square",276,291,306,321,336,351,366,381,396,404,411,418,426,434,441,448,456,464,471,478,486,494,501,508,516,524,531,538,546,561,576,591,606,621,636,651,666,681,696,711
"Wellesley Hills",278,293,308,323,338,353,368,383,398,406,413,420,428,436,443,450,458,466,473,480,488,496,503,510,518,526,533,540,548,563,578,593,608,623,638,653,668,683,698,713
"Wellesley Farms",280,295,310,325,340,355,370,385,400,408,415,422,430,438,445,452,460,468,475,482,490,498,505,512,520,528,535,542,550,565,580,595,610,625,640,655,670,685,700,715
"Auburndale",283,298,313,328,343,358,373,388,403,411,418,425,433,441,448,455,463,471,478,485,493,501,508,515,523,531,538,545,553,568,583,598,613,628,643,658,673,688,703,718
"West Newton",285,300,315,330,345,360,375,390,405,413,420,427,435,443,450,457,465,473,480,487,495,503,510,517,525,533,540,547,555,570,585,600,615,630,645,660,675,690,705,720
"Newtonville",287,302,317,332,347,362,377,392,407,415,422,429,437,445,452,459,467,475,482,489,497,505,512,519,527,535,542,549,557,572,587,602,617,632,647,662,677,692,707,722
"Boston Landing",291,306,321,336,351,366,381,396,411,419,426,433,441,449,456,463,471,479,486,493,501,509,516,523,531,539,546,553,561,576,591,606,621,636,651,666,681,696,711,726
"West Station",293,308,323,338,353,368,383,398,413,421,428,435,443,451,458,465,473,481,488,495,503,511,518,525,533,541,548,555,563,578,593,608,623,638,653,668,683,698,713,728
"Yawkey",295,310,325,340,355,370,385,400,415,423,430,437,445,453,460,467,475,483,490,497,505,513,520,527,535,543,550,557,565,580,595,610,625,640,655,670,685,700,715,730
"Back Bay",298,313,328,343,358,373,388,403,418,426,433,440,448,456,463,470,478,486,493,500,508,516,523,530,538,546,553,560,568,583,598,613,628,643,658,673,688,703,718,733
"South Station",300,315,330,345,360,375,390,405,420,428,435,442,450,458,465,472,480,488,495,502,510,518,525,532,540,548,555,562,570,585,600,615,630,645,660,675,690,705,720,735
