"","X360","X368","X376","X384","X392","X400","X408","X416","X424","X432","X440","X448","X456","X464","X472","X480","X488","X496","X504","X512","X520","X528","X536","X544","X552","X560","X568","X576","X584","X592","X600","X608","X616","X624","X632","X640","X648","X656","X664","X672","X680","X688","X696","X704","X712"
"Worcester Union",302,310,318,326,334,342,350,358,366,374,382,390,398,406,414,422,430,438,446,454,462,470,478,486,494,502,510,518,526,534,542,550,558,566,574,582,590,598,606,614,622,630,638,646,654
"Biotech Park",305,313,321,329,337,345,353,361,369,377,385,393,401,409,417,425,433,441,449,457,465,473,481,489,497,505,513,521,529,537,545,553,561,569,577,585,593,601,609,617,625,633,641,649,657
"Grafton",312,320,328,336,344,352,360,368,376,384,392,400,408,416,424,432,440,448,456,464,472,480,488,496,504,512,520,528,536,544,552,560,568,576,584,592,600,608,616,624,632,640,648,656,664
"Westborough",316,324,332,340,348,356,364,372,380,388,396,404,412,420,428,436,444,452,460,468,476,484,492,500,508,516,524,532,540,548,556,564,572,580,588,596,604,612,620,628,636,644,652,660,668
"Southborough",320,328,336,344,352,360,368,376,384,392,400,408,416,424,432,440,448,456,464,472,480,488,496,504,512,520,528,536,544,552,560,568,576,584,592,600,608,616,624,632,640,648,656,664,672
"Ashland",324,332,340,348,356,364,372,380,388,396,404,412,420,428,436,444,452,460,468,476,484,492,500,508,516,524,532,540,548,556,564,572,580,588,596,604,612,620,628,636,644,652,660,668,676
"Framingham",327,335,343,351,359,367,375,383,391,399,407,415,423,431,439,447,455,463,471,479,487,495,503,511,519,527,535,543,551,559,567,575,583,591,599,607,615,623,631,639,647,655,663,671,679
"West Natick",330,338,346,354,362,370,378,386,394,402,410,418,426,434,442,450,458,466,474,482,490,498,506,514,522,530,538,546,554,562,570,578,586,594,602,610,618,626,634,642,650,658,666,674,682
"Natick Center",332,340,348,356,364,372,380,388,396,404,412,420,428,436,444,452,460,468,476,484,492,500,508,516,524,532,540,548,556,564,572,580,588,596,604,612,620,628,636,644,652,660,668,676,684
"Wellesley Square",336,344,352,360,368,376,384,392,400,408,416,424,432,440,448,456,464,472,480,488,496,504,512,520,528,536,544,552,560,568,576,584,592,600,608,616,624,632,640,648,656,664,672,680,688
"Wellesley Hills",338,346,354,362,370,378,386,394,402,410,418,426,434,442,450,458,466,474,482,490,498,506,514,522,530,538,546,554,562,570,578,586,594,602,610,618,626,634,642,650,658,666,674,682,690
"Wellesley Farms",340,348,356,364,372,380,388,396,404,412,420,428,436,444,452,460,468,476,484,492,500,508,516,524,532,540,548,556,564,572,580,588,596,604,612,620,628,636,644,652,660,668,676,684,692
"Auburndale",343,351,359,367,375,383,391,399,407,415,423,431,439,447,455,463,471,479,487,495,503,511,519,527,535,543,551,559,567,575,583,591,599,607,615,623,631,639,647,655,663,671,679,687,695
"West Newton",345,353,361,369,377,385,393,401,409,417,425,433,441,449,457,465,473,481,489,497,505,513,521,529,537,545,553,561,569,577,585,593,601,609,617,625,633,641,649,657,665,673,681,689,697
"Newtonville",347,355,363,371,379,387,395,403,411,419,427,435,443,451,459,467,475,483,491,499,507,515,523,531,539,547,555,563,571,579,587,595,603,611,619,627,635,643,651,659,667,675,683,691,699
"Boston Landing",351,359,367,375,383,391,399,407,415,423,431,439,447,455,463,471,479,487,495,503,511,519,527,535,543,551,559,567,575,583,591,599,607,615,623,631,639,647,655,663,671,679,687,695,703
"West Station",353,361,369,377,385,393,401,409,417,425,433,441,449,457,465,473,481,489,497,505,513,521,529,537,545,553,561,569,577,585,593,601,609,617,625,633,641,649,657,665,673,681,689,697,705
"Yawkey",355,363,371,379,387,395,403,411,419,427,435,443,451,459,467,475,483,491,499,507,515,523,531,539,547,555,563,571,579,587,595,603,611,619,627,635,643,651,659,667,675,683,691,699,707
"Back Bay",358,366,374,382,390,398,406,414,422,430,438,446,454,462,470,478,486,494,502,510,518,526,534,542,550,558,566,574,582,590,598,606,614,622,630,638,646,654,662,670,678,686,694,702,710
"South Station",360,368,376,384,392,400,408,416,424,432,440,448,456,464,472,480,488,496,504,512,520,528,536,544,552,560,568,576,584,592,600,608,616,624,632,640,648,656,664,672,680,688,696,704,712
